ID,FECHA,HRS,TITULO,CUERPO,CONTENIDO,KEYWORD,LANGUAGE,LIKES,COMMENTS,SHARES,FOLLOWERS,FUENTE,SENTIMIENTO,TOPIC,sent_Legitimación_sociopolítica,sent_Efectividad_percibida,sent_Justicia_y_equidad_percibida,sent_Confianza_y_legitimidad_institucional,sent_Marcos_discursivos_dominantes
DEC08CEC4D1B111A,2026-02-19,12:29,,,"🗣️ @sarasimonalcorlo.bsky.social defiende avanzar hacia la prohibición del burka y nicab en espacios públicos para salvaguardar los derechos de las mujeres a las que se trata de ""invisibilizar"" con estos elementos

@publico.es | #CastillaLaMancha

Aquí os lo contamos 👇",prohibición burka espacios públicos,Castellano,1,1.0,2.0,313.0,BlueSky,1,prohibición burka espacios públicos,1.0,2.0,1.0,2.0,1.0
E76C5C0B32614E3B,2026-02-19,11:44,,,"El Parlamento portugués ha aprobado la prohibición del uso del burka en espacios públicos. La propuesta, apoyada por PSD, IL y CDS-PP, ha generado debate y oposición por parte de otros partidos.",prohibición burka espacios públicos,Castellano,0,0.0,0.0,110.0,BlueSky,0,prohibición burka espacios públicos,0.0,2.0,0.0,2.0,2.0
E76C5C0B32614E3B,2026-02-18,23:17,,,"Patxi López defiende el burka como una ""expresión de libertad religiosa"" en medio del debate sobre su prohibición en espacios públicos.",prohibición burka espacios públicos,Castellano,0,0.0,0.0,110.0,BlueSky,1,libertad religiosa,1.0,2.0,2.0,2.0,2.0
B3025337587BA4A0,2026-02-17,20:39,,,"—El PP: ""La prohibición del burka no es contra una religión sino contra la invisibilidad forzada y no prohibirlo en espacios públicos sería retroceder en libertad""

—Also el PP:",prohibición burka espacios públicos,Castellano,22,2.0,8.0,2216.0,BlueSky,1,libertad religiosa,1.0,2.0,1.0,2.0,1.0
AD19BB499812EACA,2026-02-17,19:32,,,"Burka y niqab | El Congreso rechaza la prohibición del velo integral en espacios públicos, pero el debate continuará en la cámara

orain.eus/es/politica/...",prohibición burka espacios públicos,Castellano,0,0.0,0.0,490.0,BlueSky,0,prohibición burka espacios públicos,-1.0,2.0,2.0,2.0,2.0
438599D4306ACC24,2026-02-17,18:52,,,"Sobre la prohibición del burka y niqab en espacios públicos.
Una vez vi una mujer con burka, y respeto a quien lo hace por motivos religiosos.
Su prohibición supondría aislamiento total de quien lo usa y así lo sentenció el TS en 2013 
Las ultraderechas debaten un problema que no existe y eso cala.",prohibición burka espacios públicos,Castellano,0,1.0,0.0,293.0,BlueSky,0,prohibición burka espacios públicos,-1.0,0.0,-1.0,0.0,-1.0
2DF7CFCE521D1CB5,2026-02-17,18:50,,,"El PP defiende la prohibición del burka y el niqab en espacios públicos: ""Son mujeres en cárceles de tela""
➡️ Ester Muñoz, portavoz parlamentaria, descarta un cambio en los planteamientos de su formación: ""Esto no es negociable"".",prohibición burka espacios públicos,Castellano,0,0.0,0.0,2127.0,BlueSky,1,prohibición burka espacios públicos,-1.0,2.0,-1.0,2.0,1.0
0CFFEE7D38661577,2026-02-17,17:01,,,La prohibición del burka y el niqab en los espacios públicos decaerá por el rechazo de Junts,prohibición burka espacios públicos,Castellano,0,0.0,0.0,885.0,BlueSky,1,rechazo,-1.0,0.0,0.0,0.0,0.0
716141C8236F1292,2026-02-17,11:59,,,"En las universidades públicas este tema del uso del burka o el niqab está a la orden del día.
En España no hay prohibición legal de usarlo en espacios públicos; sin embargo para la identificación en el aula hay reglamentos prohibiendo su uso.
El hijab al no cubrir el rostro si se permite",prohibición burka espacios públicos,Castellano,1,0.0,1.0,925.0,BlueSky,0,prohibición burka espacios públicos,0.0,2.0,0.0,2.0,2.0
AB49EC778314099E,2026-02-17,09:35,,,La prohibición del burka y el niqab en espacios públicos es un viejo debate en Cataluña. Las iniciativas para vetarlos han fracasado porque se han planteado desde el ámbito municipal y han topado con un problema de falta de competencias,prohibición burka espacios públicos,Castellano,7,6.0,4.0,163351.0,BlueSky,0,falta de competencias,0.0,0.0,0.0,0.0,0.0
50D3DA8258303742,2026-02-17,09:06,,,"No voy a defender un burka, pero la prohibición y las sanciones solo van a relegar más a estas mujeres, se o les encerrarán en las casas. Yo no creo en la prohibición, es violencia para combatir la violencia. La solución es que ocupen espacios públicos, que vayan a las escuelas, a trabajar y poco",prohibición burka espacios públicos,Castellano,0,1.0,0.0,834.0,BlueSky,-1,rechazo,-1.0,-1.0,-1.0,2.0,-1.0
AA0830D5C9D0C954,2026-02-17,08:23,,,"𝗘𝗹 𝗱𝗲𝗯𝗮𝘁𝗲 𝘀𝗼𝗯𝗿𝗲 𝗹𝗮 𝗽𝗿𝗼𝗵𝗶𝗯𝗶𝗰𝗶𝗼́𝗻 𝗱𝗲𝗹 𝗯𝘂𝗿𝗸𝗮 𝘆 𝗻𝗶𝗾𝗮𝗯 𝗲𝗻 𝗲𝘀𝗽𝗮𝗰𝗶𝗼𝘀 𝗽𝘂́𝗯𝗹𝗶𝗰𝗼𝘀 𝗮𝘁𝗲𝗿𝗿𝗶𝘇𝗮 𝗵𝗼𝘆 𝗲𝗻 𝗲𝗹 𝗖𝗼𝗻𝗴𝗿𝗲𝘀𝗼 a iniciativa de Vox 🥦 y con el apoyo del PP 💧

🌷 Sumar votará en contra y la tacha de “retrógrada”.

🍈 Junts mantiene la incógnita sobre su posición.

👇
electomania.es/el-debate-so...",prohibición burka espacios públicos,Castellano,2,0.0,0.0,10057.0,BlueSky,-1,rechazo,-1.0,0.0,-1.0,0.0,-1.0
F5C7C709BA655B7A,2026-02-17,08:00,,,"PP y Vox votan en el Congreso este martes la prohibición del burka y el niqab en espacios públicos
www.elplural.com/politica/esp...",prohibición burka espacios públicos,Castellano,0,0.0,0.0,1986.0,BlueSky,0,prohibición burka espacios públicos,1.0,2.0,2.0,2.0,2.0
5B3CCB21A9B03A7C,2026-02-17,07:21,,,PP y Vox votan en el Congreso este martes la prohibición del burka y el niqab en espacios públicos,prohibición burka espacios públicos,Castellano,2,3.0,1.0,10993.0,BlueSky,0,prohibición burka espacios públicos,1.0,2.0,2.0,2.0,2.0
AB49EC778314099E,2026-02-17,06:24,,,"El PP busca elementos de enganche con Vox. Y ha encontrado uno: la prohibición del uso del burka y el niqab en espacios públicos. Los dos partidos del Gobierno, PSOE y Sumar, anticipan su rechazo",prohibición burka espacios públicos,Castellano,11,3.0,1.0,163351.0,BlueSky,-1,rechazo,-1.0,0.0,-1.0,0.0,1.0
2DF7CFCE521D1CB5,2026-02-16,18:43,,,"Junts mantiene la incógnita sobre el apoyo a la prohibición del burka y el niqab



🗳️ El apoyo a la Proposición de Ley registrada por la formación de Santiago Abascal en el Congreso de los Diputados para prohibir el burka y el niqab en los espacios públicos no se resolverá hasta la votación.",prohibición burka espacios públicos,Castellano,0,1.0,1.0,2127.0,BlueSky,0,falta de competencias,0.0,2.0,2.0,2.0,2.0
1315A2C2B899EF61,2026-02-16,17:56,,,"PPVOX quieren prohibir la utilización del burka y niqab en los espacios públicos y, yo me pregunto si tambien pedirán la prohibición de",prohibición burka espacios públicos,Castellano,16,2.0,8.0,2534.0,BlueSky,0,prohibición burka espacios públicos,-1.0,0.0,-1.0,0.0,-1.0
9E47D271E2BF3F00,2026-02-16,14:31,,,"Lo de la prohibición de los nazis (pp/vox) del burka y el nicab en espacios públicos.

Mañana votan la ""Toma en consideración"", no que se apruebe. Pero aunque salga ese paso, su aprobación definitiva no es constitucional. La vestimenta es libertad de expresión y, por tanto, un ""Derecho Fundamental"".",prohibición burka espacios públicos,Castellano,1,1.0,0.0,159.0,BlueSky,1,libertad de expresión,0.0,0.0,0.0,0.0,0.0
CB4C0F4C4D815FE4,2026-02-21,18:06,,,"Ante la propues prohibición del #niqab y el #burka: No estamos ante un debate técnico sobre una prenda, sino ante una estrategia de construcción de pánico moral, dentro de otra más amplia de ofensiva racista. vientosur.info/niqab-un-deb...",prohibición del burka,Castellano,0,0.0,0.0,14.0,BlueSky,-1,Ofensiva racista,-1.0,2.0,-1.0,2.0,-1.0
2DF7CFCE521D1CB5,2026-02-20,20:33,,,"Ada Colau incendia las redes: la exalcaldesa compara la prohibición del burka con los nazarenos de Semana Santa



➡️ Las declaraciones de la exalcaldesa de Barcelona han desatado la polémica en cientos de usuarios.",prohibición del burka,Castellano,0,0.0,0.0,2127.0,BlueSky,1,prohibición burka espacios públicos,-1.0,2.0,-1.0,2.0,1.0
0CFFEE7D38661577,2026-02-20,16:13,,,José Manuel Soto pone en evidencia a Rufián tras ver lo que dice sobre la prohibición del burka,prohibición del burka,Castellano,0,0.0,0.0,885.0,BlueSky,-1,rechazo,0.0,2.0,2.0,2.0,2.0
E832E4B07717E054,2026-02-20,15:40,,,La prohibición del burka en el ayuntamiento de Burgos no es cosa pequeña teniendo en cuenta el frío que hace en esa ciudad del demonio.,prohibición del burka,Castellano,6,0.0,0.0,1257.0,BlueSky,-1,rechazo,-1.0,1.0,1.0,2.0,1.0
1C76C403218CC0A4,2026-02-20,14:04,,,Aprueban la tajante prohibición del uso del burka en el cuarto de la limpieza de la sede del partido.,prohibición del burka,Castellano,1,0.0,0.0,77.0,BlueSky,0,prohibición burka espacios públicos,-1.0,0.0,-1.0,0.0,0.0
101017D24DB39249,2026-02-20,13:41,,,"La prohibición de cubrirse el rostro ya sabemos que produce más problemas que beneficios pero el PP ha prohibido el uso del burka en el ayuntamiento de Burgos y a mí que se prohíba los elementos religiosos l, incluida la indumentaria, dentro de  edificios públicos no me parece tan mal, la verdad",prohibición del burka,Castellano,0,0.0,0.0,472.0,BlueSky,0,libertad de expresión,-1.0,2.0,2.0,2.0,2.0
3D05C31BA2A72C21,2026-02-20,13:21,,,15 años de la prohibición del burka en Francia: más debate social que impacto real,prohibición del burka,Castellano,2,0.0,0.0,7871.0,BlueSky,-1,rechazo,0.0,0.0,0.0,0.0,0.0
375F8AC86513C56A,2026-02-20,13:17,,,No entiendo por qué no han prohibido el uso de aviones Airbus A320 dentro del ayuntamiento. ¿No se dan cuenta de que no caben? Espero que rectifiquen y junto a la prohibición de uso del burka incluyan también la de los A320.,prohibición del burka,Castellano,30,1.0,2.0,130.0,BlueSky,0,prohibición burka espacios públicos,0.0,1.0,0.0,2.0,1.0
0CFFEE7D38661577,2026-02-20,08:30,,,Pedro Ruiz opina sin filtros sobre la prohibición del burka en España: «Honradamente...»,prohibición del burka,Castellano,0,0.0,0.0,885.0,BlueSky,1,opinión,-1.0,2.0,2.0,2.0,2.0
F8F50AFCEAD38AEB,2026-02-20,07:21,,,"El debate sobre la prohibición del burka explicado por Marisa M Toca con perspectiva feminista.
Debate sobre la propuesta de prohibir burkas lapajareramagazine.com/debate-sobre...",prohibición del burka,Castellano,0,0.0,1.0,501.0,BlueSky,0,opinión,0.0,2.0,0.0,2.0,2.0
9E3AC260B0D8AF46,2026-02-19,21:58,,,"@amnistiainternacional.es 
Podéis publicar aquí los tuits sobre la postura de AI respecto a las actuales propuestas de prohibición del burka?",prohibición del burka,Castellano,0,0.0,0.0,387.0,BlueSky,0,propuesta,0.0,2.0,2.0,2.0,2.0
11A4668F5438AB61,2026-02-19,21:03,,,"Al final voy a opinar de lo de la prohibición del burka, aunque sea tangencialmente. 
El caso es que ambas opiniones al respecto me parecen relativamente aceptables, pero estoy viendo tal desfile de argumentos de mierda para defender una u otra que me está sacando un poco de quicio.",prohibición del burka,Castellano,2,0.0,0.0,192.0,BlueSky,-1,rechazo,-1.0,0.0,-1.0,0.0,-1.0
CA2FE21A2CD1E640,2026-02-19,17:11,,,"Lo de la prohibición del Burka sería genial si aplicáramos una detención al marido de por vida, por secuestro.
Pero veréis como no lo hacen.
Entre otras cosas porque no le van a decir cómo tratar a su señora a un jeque millonatis, todos estos palurdos",prohibición del burka,Castellano,9,0.0,0.0,3368.0,BlueSky,-1,rechazo,-1.0,0.0,-1.0,-1.0,-1.0
253CC7302E0C7BAE,2026-02-19,16:35,,,"El Congreso tumba la ley del burka de Vox, inspirada en modelos europeos de prohibición pero sustentada en un discurso de defensa “civilizatoria” frente a la inmigración - www.diario-red.com/articulo/esp...",prohibición del burka,Castellano,1,0.0,1.0,1290.0,BlueSky,0,prohibición burka espacios públicos,-1.0,2.0,-1.0,2.0,-1.0
E76C5C0B32614E3B,2026-02-19,13:06,,,"El Congreso ha rechazado la prohibición del burka y el niqab, con el apoyo únicamente de PP y VOX.",prohibición del burka,Castellano,0,0.0,0.0,110.0,BlueSky,-1,rechazo,-1.0,2.0,2.0,2.0,2.0
DEC08CEC4D1B111A,2026-02-19,12:29,,,"🗣️ @sarasimonalcorlo.bsky.social defiende avanzar hacia la prohibición del burka y nicab en espacios públicos para salvaguardar los derechos de las mujeres a las que se trata de ""invisibilizar"" con estos elementos

@publico.es | #CastillaLaMancha

Aquí os lo contamos 👇",prohibición del burka,Castellano,1,1.0,2.0,313.0,BlueSky,1,libertad de expresión,1.0,2.0,1.0,2.0,1.0
E76C5C0B32614E3B,2026-02-19,11:45,,,"Patxi López denuncia que la prohibición del burka es discurso de odio, mientras Yolanda Díaz defiende la libertad religiosa para permitir su uso en España. La izquierda busca captar el voto musulmán, incluso empoderando símbolos que someten a las mujeres.",prohibición del burka,Castellano,0,0.0,0.0,110.0,BlueSky,0,libertad de expresión,-1.0,2.0,-1.0,2.0,-1.0
E76C5C0B32614E3B,2026-02-19,11:44,,,"El Parlamento portugués ha aprobado la prohibición del uso del burka en espacios públicos. La propuesta, apoyada por PSD, IL y CDS-PP, ha generado debate y oposición por parte de otros partidos.",prohibición del burka,Castellano,0,0.0,0.0,110.0,BlueSky,0,prohibición burka espacios públicos,0.0,2.0,0.0,2.0,2.0
A399E3FBE89D4E7D,2026-02-19,11:36,,,"Susanna Griso, sobre la prohibición del burka y el niqab: ""¡Libertad y burka son antónimos!"" ver.20m.es/8rwdu3

➡Nueve países europeos ya han tomado medidas con respecto al uso de estas prendas de tradición islámica",prohibición del burka,Castellano,2,0.0,2.0,17240.0,BlueSky,1,libertad de expresión,-1,2,-1,2,1
B429D9A0D4437178,2026-02-19,10:42,,,"El Congreso tumba la ley del burka de Vox, inspirada en modelos europeos de prohibición pero sustentada en un discurso de defensa “civilizatoria” frente a la inmigración - www.diario-red.com/articulo/esp...",prohibición del burka,Castellano,0,0.0,0.0,104.0,BlueSky,0,prohibición burka espacios públicos,-1,2,-1,2,-1
C8D70007182D6820,2026-02-19,10:11,,,Madre mía como está X con el tema de la prohibición o no del burka.,prohibición del burka,Castellano,1,1.0,0.0,276.0,BlueSky,0,propuesta,-1,0,-1,0,-1
74EA66086DE29E7D,2026-02-19,09:53,,,"Gabriel Rufián, tras votar la víspera contra la prohibición del burka: ""El burka es una salvajada. Si somos izquierda laica de verdad, no podemos permitir que se invisibilice a las mujeres de esta manera"". 

#rufian #gabrielrufian #burka #mujeres #velo #politica",prohibición del burka,Castellano,0,0.0,0.0,9.0,BlueSky,0,opción,-1,2,-1,2,-1
F32EB94F7AF0D6F2,2026-02-19,09:53,,,"Gabriel Rufián, tras votar la víspera contra la prohibición del burka: ""El burka es una salvajada. Si somos izquierda laica de verdad, no podemos permitir que se invisibilice a las mujeres de esta manera"". 

#rufian #gabrielrufian #burka #mujeres #velo #politica",prohibición del burka,Castellano,0,0.0,0.0,30.0,BlueSky,0,opción,-1,2,-1,2,-1
82A4FDC15634706B,2026-02-19,09:53,,,"Gabriel Rufián, tras votar la víspera contra la prohibición del burka: ""El burka es una salvajada. Si somos izquierda laica de verdad, no podemos permitir que se invisibilice a las mujeres de esta manera"". 

#rufian #gabrielrufian #burka #mujeres #velo #politica",prohibición del burka,Castellano,0,0.0,0.0,86.0,BlueSky,0,opción,-1,2,-1,2,-1
62C2A35F09A9F477,2026-02-19,09:53,,,"Gabriel Rufián, tras votar la víspera contra la prohibición del burka: ""El burka es una salvajada. Si somos izquierda laica de verdad, no podemos permitir que se invisibilice a las mujeres de esta manera"". 

#rufian #gabrielrufian #burka #mujeres #velo #politica",prohibición del burka,Castellano,1,0.0,0.0,92.0,BlueSky,0,opción,-1,2,-1,2,-1
A399E3FBE89D4E7D,2026-02-19,09:17,,,"Rufián aboga por la prohibición del burka porque ""es una salvajada"", pese a votar en contra de vetarlo esta semana ver.20m.es/pjp7c4",prohibición del burka,Castellano,4,1.0,2.0,17240.0,BlueSky,1,ofensiva racista,-1,2,-1,2,2
B217DE4C8ADA6EE3,2026-02-19,08:01,,,"7.2 En definitiva proponer la prohibición del burka como parte de una implantación de límites a lo intolerable, en un marco de antifascismo, no de racismo, siguiendo la estela de los límites recientemente propuestos a las rrss, etc",prohibición del burka,Castellano,0,0.0,0.0,491.0,BlueSky,0,antifascismo,1,2,1,2,1
CD3A52DC4FED83C2,2026-02-19,07:50,,,"El Congreso tumba la ley del burka de Vox, inspirada en modelos europeos de prohibición pero sustentada en un discurso de defensa “civilizatoria” frente a la inmigración - www.diario-red.com/articulo/esp...",prohibición del burka,Castellano,0,0.0,0.0,122.0,BlueSky,0,prohibición burka espacios públicos,-1,2,-1,2,-1
DAEA7C4DBF66C310,2026-02-19,07:04,,,"No conozco ninguna ciudad de España con atascos de coches eléctricos
(Esto es como la prohibición del burka de Vox)

Un coche eléctrico no genera los impactos negativos de un coche de combustión

El 10% petróleo de España viene del Delta del Níger. El video lo explica:
youtu.be/iDBXdV6NOSU?...",prohibición del burka,Castellano,0,1.0,0.0,872.0,BlueSky,0,opción,0,1,0,2,2
3868519B209A4AC8,2026-02-19,07:03,,,"‼️El Congreso tumba la ley del burka de Vox, inspirada en modelos europeos de prohibición pero sustentada en un discurso de defensa “civilizatoria” frente a la inmigración

✍🏼 Lucía Casado",prohibición del burka,Castellano,18,1.0,12.0,15746.0,BlueSky,1,prohibición burka espacios públicos,-1,2,-1,2,1
B41BE16CA4C3EE93,2026-02-19,06:57,,,"1. El Congreso tumba la ley del burka de Vox, inspirada en modelos europeos de prohibición pero sustentada en un discurso de defensa “civilizatoria” frente a la inmigración - www.diario-red.com/articulo/esp... ⬇️",prohibición del burka,Castellano,1,1.0,0.0,1288.0,BlueSky,0,prohibición burka espacios públicos,1,2,1,2,1
C9D01A49A67602F4,2026-02-19,06:35,,,"El Congreso tumba la ley del burka de Vox, inspirada en modelos europeos de prohibición pero sustentada en un discurso de defensa “civilizatoria” frente a la inmigración - www.diario-red.com/articulo/esp...",prohibición del burka,Castellano,0,0.0,0.0,223.0,BlueSky,0,prohibición burka espacios públicos,-1,2,-1,2,-1
0E18C4EC83A81D08,2026-02-18,23:30,,,"Tenso debate entre Tesh Sidi y Albiol al defender la prohibición del burka: ""No entiendo como las que vais de feministas ponéis peros"" #TEM ver.tw/npn706",prohibición del burka,Castellano,0,0.0,0.0,46.0,BlueSky,1,antifascismo,-1,2,-1,2,2
E76C5C0B32614E3B,2026-02-18,23:17,,,"Patxi López defiende el burka como una ""expresión de libertad religiosa"" en medio del debate sobre su prohibición en espacios públicos.",prohibición del burka,Castellano,0,0.0,0.0,110.0,BlueSky,1,libertad religiosa,1,2,2,2,2
7E7DFD6A462B56DF,2026-02-18,21:10,,,"Rufián defiende la prohibición del burka porque es ""una salvajada"": ""La izquierda no debe permitir que se invisibilice a las mujeres"" ondace.ro/p4h_43",prohibición del burka,Castellano,5,0.0,0.0,3347.0,BlueSky,1,antifascismo,-1,2,-1,2,1
F32EEF18C6631451,2026-02-18,20:48,,,"NACIONAL

 RUFIÁN ABOGA PROHIBICIÓN DEL BURKA PORQUE ""ES UNA SALVAJADA""

 El portavoz de ERC en el Congreso, Gabriel Rufián, ha abogado por prohibir el burka en España, porque ""es una salvajada"" y ""la izquierda laica de verdad"" no puede ""permitir que se invisibilice a las m...👇",prohibición del burka,Castellano,0,0.0,0.0,1063.0,BlueSky,-1,rechazo,-1,2,2,2,1
7DF671D4CEDA2088,2026-02-18,19:28,,,"Del tema del Burka y Niqab,

son prendas cuya función diferencial es ocultar el rostro de la mujer,

esto crea problemas de seguridad y mantiene mayor sumisión y anulación de la identidad de la mujer

Por tanto, soy partidario de su prohibición

Nada que objetar a otras prendas femeninas islámicas",prohibición del burka,Castellano,0,2.0,0.0,356.0,BlueSky,1,prohibición burka espacios públicos,1,2,-1,2,1
59F437DC9EFDAE70,2026-02-18,19:26,,,"a ver gente. no querer ilegalizar el uso del burka u otras medidas de opresión a las mujeres (porque esa prohibición provocaría más opresión de estas mujeres, no menos) no significa tener que DEFENDER su uso ni no poder criticarlo. no sé. me parece que estáis un poco tontitos últimamente.",prohibición del burka,Castellano,1,1.0,0.0,282.0,BlueSky,-1,rechazo,-1,0,-1,0,-1
3D05C31BA2A72C21,2026-02-18,19:19,,,Antonio Maestre se pronuncia sobre la posible prohibición del burka: “Lo que molesta a la derecha es la mujer mora que va debajo”,prohibición del burka,Castellano,0,0.0,0.0,7871.0,BlueSky,0,opción,-1,2,2,2,2
B1626E678C512BFC,2026-02-18,18:50,,,"Xavier Vidal-Folch, sobre la prohibición del burka: ""Es un truco de los ultras para azuzar al personal contra los inmigrantes"" en la App de La SER
cadenaser.com/audio/177135...",prohibición del burka,Castellano,0,0.0,0.0,414.0,BlueSky,1,antifascismo,-1,2,-1,2,-1
C3DE766A16DB7414,2026-02-18,17:25,,,"No,muchas pensarán que deben o que les gusta
Muchas piensan que está bien engendrar un hijo para otros
Muchas piensan que no pasa nada porque les peguen
Creo que hay que pensar en la dignidad de las mujeres. Y la prohibicion del burka a quien de verdad le fastidia es a los hombres,véase Afganistán.",prohibición del burka,Castellano,2,1.0,0.0,923.0,BlueSky,-1,rechazo,-1,0,-1,0,-1
49D503568BC8B6AE,2026-02-18,17:18,,,"Puedo entender que te opongas a Vox por los motivos e intenciones que manejan en lo de la prohibición del burka.
Lo que no puedo entender es que mujeres feministas, mujeres en general y gente que se dice progresista defienda esa imposición retrógrada como identidad cultural.",prohibición del burka,Castellano,7,1.0,1.0,4509.0,BlueSky,-1,rechazo,-1,2,-1,2,-1
438599D4306ACC24,2026-02-18,15:30,,,"Aquellos que defendéis con tanta pasión la prohibición del burka aunque sea por convicción, me vais a tener que explicar muy despacito por qué el burka si y el hábito de monja no, porque no hay ni una puta diferencia.",prohibición del burka,Castellano,1,0.0,0.0,293.0,BlueSky,0,falta de competencias,-1,0,-1,0,-1
270E343F31B84C2D,2026-02-18,14:49,,,"La solución no pasa por una prohibición porque la raíz del problema no está ahí. No vas a conseguir que las mujeres que llevan burka en España (que tampoco es que sean muchas, todo hay que decirlo) se lo quiten mágicamente. Vas a conseguir que no salgan a la calle.",prohibición del burka,Castellano,27,1.0,3.0,979.0,BlueSky,-1,rechazo,-1,-1,-1,2,-1
0D1A5369A68B035D,2026-02-18,14:38,,,"La prohibición del burka y del niqab se fundamenta en la obligación de ser reconocible. Pero luego se articula como una “defensa” de la libertad de las mujeres, cuando todos sabemos que el trasfondo es xenófobo. 

Si se plantease puramente desde la obligación de ser reconocible, no habría problemas.",prohibición del burka,Castellano,0,0.0,1.0,138.0,BlueSky,-1,xenófobo,-1,0,-1,0,-1
3D05C31BA2A72C21,2026-02-18,13:17,,,15 años de la prohibición del burka en Francia: más debate social que impacto real,prohibición del burka,Castellano,0,0.0,0.0,7871.0,BlueSky,0,debate social,0,0,0,0,0
F846333090882CA1,2026-02-18,12:53,,,Hay que hilar muy fino en ciertos temas y lo de la prohibición del burka de vox es uno de esos temas. A vox le da igual el sometimiento de las mujeres. Que creo que nadie duda que la mayoría de los votantes masculinos de vox son los que le dicen a la novia o la mujer que vestida de puta,prohibición del burka,Castellano,3,1.0,1.0,1248.0,BlueSky,-1,sometimiento de las mujeres,-1,2,-1,2,-1
B10A71871D67381E,2026-02-18,12:53,,,"Aprovecho para decir, además de lo del hilo, que si bien el niqab y el burka me parecen una barbaridad, lo único que consigues con una prohibición es que haya mujeres que no salgan de casa.",prohibición del burka,Castellano,13,1.0,2.0,946.0,BlueSky,-1,restricción de libertades,-1,-1,-1,0,0
0CFFEE7D38661577,2026-02-18,11:13,,,Carlos Herrera opina sin filtros sobre la prohibición del burka en España,prohibición del burka,Castellano,0,0.0,0.0,885.0,BlueSky,0,opción,1,2,1,2,2
CC6A64DA519A5B42,2026-02-18,10:57,,,Sobre la prohibición del burka.,prohibición del burka,Castellano,1,0.0,1.0,2034.0,BlueSky,0,prohibición burka,0,0,0,0,0
9423CBBF856647B3,2026-02-18,10:36,,,"Lo de la prohibición del burka es la estrategia de siempre: proponer una medida para un problema que

1) es minúsculo en España y
2) ya está resuelto en la ley.

El objetivo real no es el burka, sino avivar la xenofobia y preparar a la opinión pública para exigir la prohibición del hiyab.",prohibición del burka,Castellano,48,2.0,15.0,1583.0,BlueSky,0,xenofobia,-1,-1,-1,-1,-1
80C5DA718EADC4B6,2026-02-18,10:30,,,El pleno del Consell de Menorca debate sin consenso la prohibición del burka: la izquierda cuestiona su eficacia www.menorca.info/menorca/loca...,prohibición del burka,Castellano,0,0.0,0.0,318.0,BlueSky,0,debate social,-1,0,0,0,0
AB49EC778314099E,2026-02-18,07:26,,,"El niqab o el burka no suponen una discriminación de género, ni amenazan la seguridad, pero sí impiden una forma de relación social. La justicia europea admite la prohibición del velo que oculta la cara, pero rechazó los motivos que esgrimen Vox y Junts",prohibición del burka,Castellano,10,2.0,1.0,163351.0,BlueSky,-1,rechazo,0,0,0,2,1
6318413350CA6F88,2026-02-18,06:56,,,El PP busca mujeres con burka para poder acercarse (sin éxito) a Vox. Utiliza la proposición de prohibición para mejorar sus relaciones con Abascal de cara a Extremadura y Aragón y solo consigue que Vox se burle de las distintas posiciones del PP en cada región. www.eldiario.es/politica/pp-...,prohibición del burka,Castellano,17,2.0,7.0,10974.0,BlueSky,0,estrategia política,-1,-1,-1,-1,-1
FF8109E4C82E5E45,2026-02-18,05:52,,,Ahora el tema absurdo de discusión de la semana es la prohibición del burka. Me gustaría saber cuantas personas a lo largo del día veis por la calle con burka o niqab. Aquí menos políticas que de verdad ayuden a la gente a tener una vida mejor cualquier cosa.,prohibición del burka,Castellano,3,0.0,0.0,152.0,BlueSky,0,prohibición burka espacios públicos,,,,,
7E7DFD6A462B56DF,2026-02-18,05:39,,,"El entusiasmado aplauso de Vox al PP en el debate sobre la prohibición del burka: ""La cultura no borra a la mujer"" ondace.ro/umval2",prohibición del burka,Castellano,0,0.0,0.0,3347.0,BlueSky,0,debate social,,,,,
E76C5C0B32614E3B,2026-02-18,04:16,,,"El PSOE negocia con Junts la prohibición del burka tras criticar a Vox. El PP vota a favor de la iniciativa, a pesar de que otros partidos como PSOE, Junts y PNV la rechazan.",prohibición del burka,Castellano,0,0.0,0.0,110.0,BlueSky,0,debate social,,,,,
31D6D1E65B613FD2,2026-02-18,03:26,,,"PP y Vox ven frenada la prohibición del burka tras el portazo de Junts, que prefiere su propia norma en el Congreso dozz.es/gvm_v7",prohibición del burka,Castellano,0,0.0,0.0,70.0,BlueSky,0,estrategia política,,,,,
0CFFEE7D38661577,2026-02-18,01:15,,,El Congreso debate sobre la prohibición de uso del burka y el niqab,prohibición del burka,Castellano,0,0.0,0.0,885.0,BlueSky,0,prohibición burka espacios públicos,,,,,
2D5412748CF9CD66,2026-02-17,21:15,,,"Vamos a defender la prohibición del burka hasta el final

https://www.europesays.com/es/402745/

La portavoz parlamentaria de Vox, Pepa Millán, ha asegurado en 24 Horas de RNE que su formación «ha…",prohibición del burka,Castellano,0,0.0,0.0,82.0,BlueSky,1,antifascismo,,,,,
FC96FF2F792F3FCC,2026-02-17,21:04,,,"Millán (Vox): ""Vamos a defender la prohibición del burka hasta el final""",prohibición del burka,Castellano,0,2.0,0.0,2290.0,BlueSky,1,prohibición burka,,,,,
0CFFEE7D38661577,2026-02-17,20:48,,,El Congreso debate sobre la prohibición de uso del burka y el niqab,prohibición del burka,Castellano,0,0.0,0.0,885.0,BlueSky,0,prohibición burka espacios públicos,,,,,
B3025337587BA4A0,2026-02-17,20:39,,,"—El PP: ""La prohibición del burka no es contra una religión sino contra la invisibilidad forzada y no prohibirlo en espacios públicos sería retroceder en libertad""

—Also el PP:",prohibición del burka,Castellano,22,2.0,8.0,2216.0,BlueSky,0,libertad de expresión,,,,,
819682DA6693CF91,2026-02-17,20:33,,,"El Gobierno de Melilla (PP), contra el apoyo de la formación nacional a la prohibición del niqab y el burka",prohibición del burka,Castellano,27,1.0,13.0,48395.0,BlueSky,0,prohibición burka espacios públicos,,,,,
FC96FF2F792F3FCC,2026-02-17,20:07,,,"🗣️ ""Vamos a defender la prohibición del burka y del niqab hasta el final""

▪️ Hablamos con Pepa Millán, portavoz de Vox en el Congreso de los Diputados

📻 Entrevista completa aquí ▶️ rtve.es/a/16942629/",prohibición del burka,Castellano,0,1.0,0.0,2290.0,BlueSky,1,prohibición burka,,,,,
8796AFF2A14A1EA1,2026-02-17,19:52,,,"El PSOE se abre a negociar con Junts la prohibición del burka tras tumbar por ""racista"" la iniciativa similar de Vox dozz.es/ahg4f3",prohibición del burka,Castellano,0,1.0,0.0,3431.0,BlueSky,0,estrategia política,,,,,
6CF073F5982975F4,2026-02-17,19:43,,,"Mientras la derecha se dedica a la prohibición del burka, el Gobierno sube el S.M.I e insta a los empresarios a que suban el sueldo de los trabajadores ya que han subido sus beneficios",prohibición del burka,Castellano,6,0.0,1.0,1986.0,BlueSky,1,sometimiento de las mujeres,,,,,
AD19BB499812EACA,2026-02-17,19:32,,,"Burka y niqab | El Congreso rechaza la prohibición del velo integral en espacios públicos, pero el debate continuará en la cámara

orain.eus/es/politica/...",prohibición del burka,Castellano,0,0.0,0.0,490.0,BlueSky,0,debate social,,,,,
438599D4306ACC24,2026-02-17,18:52,,,"Sobre la prohibición del burka y niqab en espacios públicos.
Una vez vi una mujer con burka, y respeto a quien lo hace por motivos religiosos.
Su prohibición supondría aislamiento total de quien lo usa y así lo sentenció el TS en 2013 
Las ultraderechas debaten un problema que no existe y eso cala.",prohibición del burka,Castellano,0,1.0,0.0,293.0,BlueSky,0,prohibición burka espacios públicos,,,,,
2DF7CFCE521D1CB5,2026-02-17,18:50,,,"El PP defiende la prohibición del burka y el niqab en espacios públicos: ""Son mujeres en cárceles de tela""
➡️ Ester Muñoz, portavoz parlamentaria, descarta un cambio en los planteamientos de su formación: ""Esto no es negociable"".",prohibición del burka,Castellano,0,0.0,0.0,2127.0,BlueSky,1,prohibición burka,,,,,
52819F11D8D040AE,2026-02-17,18:36,,,"@lahoratve.rtve.es #Mañaneros360 #MalasLenguas #LaNoche24h #elintermedio
Al POX (Viruela) PP y Vox les ha salido el tiro por la culata al no conseguir aprobar la prohibición del Nihad y el Burka en el Congreso de los Diputados.
#StopFascismo #StopRacistas #StopXenofobia #StopODIO",prohibición del burka,Castellano,0,1.0,0.0,355.0,BlueSky,1,StopFascismo,,,,,
31D6D1E65B613FD2,2026-02-17,17:29,,,"PP y Vox ven frenada la prohibición del burka tras el portazo de Junts, que prefiere su propia norma en el Congreso dozz.es/gvm_v6",prohibición del burka,Castellano,0,0.0,0.0,70.0,BlueSky,0,estrategia política,,,,,
E30A7013ED5F61D1,2026-02-17,17:10,,,Vox propone la prohibición del niqab o el burka en espacios municipales de Huesca heral.do/mbcoz3,prohibición del burka,Castellano,0,0.0,0.0,1125.0,BlueSky,0,prohibición burka,,,,,
0CFFEE7D38661577,2026-02-17,17:01,,,La prohibición del burka y el niqab en los espacios públicos decaerá por el rechazo de Junts,prohibición del burka,Castellano,0,0.0,0.0,885.0,BlueSky,-1,rechazo,,,,,
0CFFEE7D38661577,2026-02-17,16:41,,,El Congreso debate sobre la prohibición de uso del burka y el niqab,prohibición del burka,Castellano,0,0.0,0.0,885.0,BlueSky,0,prohibición burka espacios públicos,,,,,
B329A641D846ED73,2026-02-17,16:24,,,"🚨🏛️La portavoz del #PP defiende la prohibición del burka y niqab propuesta por #Vox y la bancada de la ultraderecha se pone de pie y la aplaude, por primera vez en la legislatura.

La proposición caerá por el rechazo de la izquierda, PNV y Junts.",prohibición del burka,Castellano,0,0.0,0.0,689.0,BlueSky,0,debate social,,,,,
E76C5C0B32614E3B,2026-02-17,16:03,,,Patxi López considera que proponer la prohibición del burka es un discurso de odio.,prohibición del burka,Castellano,0,0.0,0.0,110.0,BlueSky,1,antifascismo,,,,,
5B3CCB21A9B03A7C,2026-02-17,15:45,,,PP y Vox desoyen la doctrina del Tribunal Supremo con su prohibición del burka y el niqab,prohibición del burka,Castellano,3,0.0,1.0,10993.0,BlueSky,0,prohibición burka espacios públicos,,,,,
2AE97F0044A2E9B0,2026-02-17,15:24,,,Junts no apoya la prohibición del burka que propone Vox y presentará su propia propuesta,prohibición del burka,Castellano,0,0.0,0.0,971.0,BlueSky,0,propuesta,,,,,
E30A7013ED5F61D1,2026-02-17,15:17,,,El PSOE elogia que Junts no apoye la prohibición del burka presentada por Vox y se compromete a estudiar la suya heral.do/gc8_01,prohibición del burka,Castellano,0,0.0,0.0,1125.0,BlueSky,0,debate social,,,,,
F8D9A0FB16CCA3A1,2026-02-17,15:15,,,Directo | El debate sobre la prohibición del burka y el niqab aterriza en el Congreso tras recorrer varias regiones con suerte dispar,prohibición del burka,Castellano,1,0.0,0.0,6948.0,BlueSky,0,debate social,,,,,
3D05C31BA2A72C21,2026-02-17,13:52,,,El debate sobre la prohibición del burka y el niqab aterriza en el Congreso tras recorrer varias regiones con suerte dispar,prohibición del burka,Castellano,0,0.0,0.0,7871.0,BlueSky,0,debate social,,,,,
7E7DFD6A462B56DF,2026-02-17,12:52,,,"""Qué sentido tiene que el Estado, que las quiera proteger, las multe"", Marta García Aller sobre la prohibición del burka ondace.ro/nba6_2",prohibición del burka,Castellano,1,0.0,1.0,3347.0,BlueSky,0,falta de competencias,,,,,
716141C8236F1292,2026-02-17,11:59,,,"En las universidades públicas este tema del uso del burka o el niqab está a la orden del día.
En España no hay prohibición legal de usarlo en espacios públicos; sin embargo para la identificación en el aula hay reglamentos prohibiendo su uso.
El hijab al no cubrir el rostro si se permite",prohibición del burka,Castellano,1,0.0,1.0,925.0,BlueSky,0,prohibición burka espacios públicos,,,,,
DB4C037592357E5D,2026-02-17,11:43,,,"Hoy hemos hablado en clase sobre la polémica de la prohibición del burka en el espacio público y el papel que debería jugar la antropología.

Escribo sobre esto👇

Prohibir el velo para ‘liberar’: cuando la guerra cultural entra en el cuerpo de las mujeres
antroperplejo.wordpress.com/2026/02/17/p...",prohibición del burka,Castellano,3,0.0,2.0,1583.0,BlueSky,0,prohibición burka espacios públicos,,,,,
8A4CB097BE95F146,2026-02-17,11:28,,,"No os molesta el burka, os molestan las mujeres moras que hay debajo.

""La prohibición del burka y el niqab sin ningún tipo de actuación complementaria es violencia contra esas mujeres porque lo único que persigue es apartarlas de la vista de los racistas""

www.lasexta.com/el-muro/anto...",prohibición del burka,Castellano,2,0.0,0.0,879.0,BlueSky,-1,rechazo,,,,,
AB49EC778314099E,2026-02-17,10:59,,,"📺TV EN DIRECTO | Díaz, sobre la propuesta de prohibición del burka: ""La propuesta de las derechas españolas hoy vulnera la Constitución Española en su artículo 14 y 16"" social.elpais.com/jz90o1",prohibición del burka,Castellano,15,1.0,3.0,163351.0,BlueSky,1,restricción de libertades,,,,,
AD19BB499812EACA,2026-02-17,10:45,,,"La posible prohibición del burka y el niqab llega al Congreso avalada por el PP y Vox, aunque sin el apoyo de Junts
orain.eus/es/politica/...",prohibición del burka,Castellano,1,0.0,0.0,490.0,BlueSky,0,prohibición burka espacios públicos,,,,,
7E7DFD6A462B56DF,2026-02-17,10:30,,,Junts anuncia que no apoya la prohibición del burka que propone Vox y presentará su propia iniciativa ondace.ro/5w_nm2,prohibición del burka,Castellano,0,0.0,0.0,3347.0,BlueSky,0,estrategia política,,,,,
AB49EC778314099E,2026-02-17,10:28,,,"📺TV EN DIRECTO | Yolanda Díaz: ""Mientras las derechas se ocupan en la prohibición del burka, las izquierdas se dedican a aprobar medidas para mejorar la vida de la gente"", como la subida del SMI. ""No ha pasado nada, no hemos destruido nada"", ironiza social.elpais.com/jz90o1",prohibición del burka,Castellano,14,0.0,3.0,163351.0,BlueSky,0,debate social,,,,,
819682DA6693CF91,2026-02-17,10:16,,,"⭕ DIRECTO | El dardo de Yolanda Díaz a Vox: ""Mientras las derechas se dedican a la prohibición del burka, el Gobierno se dedica a aprobar medidas para mejorar la vida de la gente y democratizar la economía""",prohibición del burka,Castellano,21,1.0,7.0,48395.0,BlueSky,1,prohibición burka espacios públicos,,,,,
F6351AFDA30D2E27,2026-02-17,10:06,,,"No sé como cuadra lo de la prohibición del burka o el niqab con el derecho fundamental recogido en el artículo 16 de nuestra constitución que garantiza la libertad ideológica, religiosa y de culto, tanto a nivel individual como colectivo. 
A mí ambos atuendos me parecen cárceles. Pero prohibir👇",prohibición del burka,Castellano,28,12.0,6.0,3970.0,BlueSky,0,libertad de expresión,,,,,
A301EC375A8257D0,2026-02-17,09:45,,,"PP y Vox desoyen la doctrina del Tribunal Supremo con su prohibición del burka y el niqab
www.elplural.com/politica/esp...",prohibición del burka,Castellano,1,0.0,2.0,1165.0,BlueSky,0,prohibición burka espacios públicos,,,,,
030C63A78B9367E9,2026-02-17,09:40,,,"Junts rechaza apoyar la prohibición del burka que propone Vox y presentará una propia.

theobjective.com/espana/polit...",prohibición del burka,Castellano,0,0.0,0.0,467.0,BlueSky,-1,rechazo,,,,,
F5C7C709BA655B7A,2026-02-17,09:37,,,Junts no apoya la prohibición del burka que propone Vox y presentará su propia propuesta www.infolibre.es/1_20c1e5,prohibición del burka,Castellano,0,0.0,0.0,1986.0,BlueSky,-1,rechazo,,,,,
AB49EC778314099E,2026-02-17,09:35,,,La prohibición del burka y el niqab en espacios públicos es un viejo debate en Cataluña. Las iniciativas para vetarlos han fracasado porque se han planteado desde el ámbito municipal y han topado con un problema de falta de competencias,prohibición del burka,Castellano,7,6.0,4.0,163351.0,BlueSky,0,falta de competencias,,,,,
346B9FFF34576A58,2026-02-17,09:26,,,Junts no apoya la prohibición del burka que propone Vox y presentará su propia propuesta,prohibición del burka,Castellano,4,3.0,0.0,30311.0,BlueSky,0,propuesta,,,,,
A0B991B24D8B7CA9,2026-02-17,09:17,,,"Este ejemplo, o el de cómo la prohibición del burka puede ser contraproducente, reflejan muy bien cómo de complejo puede ser un tema. Y que, casi siempre, hay que elegir un ""mal menor"".
Pero aceptamos peor la complejidad cada día, creo.
Están de moda los enfoques sencillos (=ultraderecha).",prohibición del burka,Castellano,2,0.0,0.0,234.0,BlueSky,0,complejidad,,,,,
8A22AF7F743C697A,2026-02-17,09:16,,,Junts no apoya la prohibición del burka que propone Vox y presentará su propia propuesta www.ultimahora.es/noticias/nac...,prohibición del burka,Castellano,0,0.0,0.0,1232.0,BlueSky,0,prohibición burka,,,,,
1379D13B4456EB61,2026-02-17,09:02,,,"No entiendo como el PSOE, feminista y progresista, se ha dejado arrebatar por Vox lo de la prohibición del burka y el hiyab.",prohibición del burka,Castellano,0,0.0,0.0,134.0,BlueSky,1,falta de competencias,,,,,
8CBD4FABC61D0DEA,2026-02-17,09:02,,,"Apoyarán la prohibición del burka en lugares públicos?. En Francia, Melenchon lo apoyó.",prohibición del burka,Castellano,0,0.0,0.0,71.0,BlueSky,0,prohibición burka espacios públicos,,,,,
721628D97C5D3156,2026-02-17,08:40,,,"La prohibición del burka fue mucho tiempo una exigencia de la izquierda. No sé bien en qué momento dejó de serlo. Y creo que es un error, porque el monopolio de ese tema se lo ha quedado la extrema derecha, cuando yo creo que es una cuestión de derechos humanos y de feminismo.",prohibición del burka,Castellano,1,1.0,0.0,472.0,BlueSky,0,opción,,,,,
0CFFEE7D38661577,2026-02-17,08:38,,,Junts registra un proyecto de ley sobre la prohibición del burka para evitar apoyar el de Vox,prohibición del burka,Castellano,0,0.0,0.0,885.0,BlueSky,0,estrategia política,,,,,
AA0830D5C9D0C954,2026-02-17,08:23,,,"𝗘𝗹 𝗱𝗲𝗯𝗮𝘁𝗲 𝘀𝗼𝗯𝗿𝗲 𝗹𝗮 𝗽𝗿𝗼𝗵𝗶𝗯𝗶𝗰𝗶𝗼́𝗻 𝗱𝗲𝗹 𝗯𝘂𝗿𝗸𝗮 𝘆 𝗻𝗶𝗾𝗮𝗯 𝗲𝗻 𝗲𝘀𝗽𝗮𝗰𝗶𝗼𝘀 𝗽𝘂́𝗯𝗹𝗶𝗰𝗼𝘀 𝗮𝘁𝗲𝗿𝗿𝗶𝘇𝗮 𝗵𝗼𝘆 𝗲𝗻 𝗲𝗹 𝗖𝗼𝗻𝗴𝗿𝗲𝘀𝗼 a iniciativa de Vox 🥦 y con el apoyo del PP 💧

🌷 Sumar votará en contra y la tacha de “retrógrada”.

🍈 Junts mantiene la incógnita sobre su posición.

👇
electomania.es/el-debate-so...",prohibición del burka,Castellano,2,0.0,0.0,10057.0,BlueSky,0,debate social,,,,,
E76C5C0B32614E3B,2026-02-17,08:21,,,Vox y el PP impulsarán en el Congreso un debate sobre la prohibición del burka. El Pleno votará…,prohibición del burka,Castellano,0,0.0,0.0,110.0,BlueSky,0,debate social,,,,,
1CFE4245F4998B4E,2026-02-17,08:19,,,"🧕🚫 Los precedentes judiciales que avalan la prohibición del burka en los lugares públicos

Vox ha presentado una Proposición de Ley para prohibir el burka y el niqab en lugares públicos y el PP ha adelantado que votará a favor",prohibición del burka,Castellano,0,0.0,0.0,407.0,BlueSky,1,prohibición burka,,,,,
D6EF7561519A2F37,2026-02-17,08:18,,,"El Gobierno rechaza la prohibición del burka impulsada por Vox y PP
elpais.com/espana/2026-...",prohibición del burka,Castellano,0,0.0,0.0,170.0,BlueSky,-1,rechazo,,,,,
C94BE7CC2DFB30C1,2026-02-17,08:02,,,"El Gobierno rechaza la prohibición del burka impulsada por Vox y PP
elpais.com/espana/2026-...",prohibición del burka,Castellano,0,0.0,0.0,250.0,BlueSky,-1,rechazo,,,,,
F5C7C709BA655B7A,2026-02-17,08:00,,,"PP y Vox votan en el Congreso este martes la prohibición del burka y el niqab en espacios públicos
www.elplural.com/politica/esp...",prohibición del burka,Castellano,0,0.0,0.0,1986.0,BlueSky,0,prohibición burka espacios públicos,,,,,
F5C7C709BA655B7A,2026-02-17,07:58,,,"PP y Vox desoyen la doctrina del Tribunal Supremo con su prohibición del burka y el niqab
www.elplural.com/politica/esp...",prohibición del burka,Castellano,0,0.0,0.0,1986.0,BlueSky,0,prohibición burka espacios públicos,,,,,
5B657166900214F1,2026-02-17,07:46,,,El debate sobre la prohibición del burka llega este martes al Congreso,prohibición del burka,Castellano,0,0.0,0.0,446.0,BlueSky,0,debate social,,,,,
1EDD4ED0F2CC4115,2026-02-17,07:31,,,"La prohibición del burka y el nicab, a debate en el Congreso: qué plantea la iniciativa de Vox y qué puede ocurrir dozz.es/tabcd4",prohibición del burka,Castellano,0,0.0,0.0,8626.0,BlueSky,0,prohibición burka,,,,,
5B3CCB21A9B03A7C,2026-02-17,07:21,,,PP y Vox votan en el Congreso este martes la prohibición del burka y el niqab en espacios públicos,prohibición del burka,Castellano,2,3.0,1.0,10993.0,BlueSky,0,prohibición burka espacios públicos,,,,,
80E7E8A4374AB989,2026-02-17,07:18,,,"Importante: la prohibición del burka que promueve la ultraderecha no pone el foco en la libertad de las mujeres, sino en que quien viene aquí tiene, según ellos, que adaptarse a ""nuestra cultura"" (que para ellos es la cristiano-católica y excluyente, en la que no cabe nadie más).",prohibición del burka,Castellano,1,1.0,0.0,455.0,BlueSky,-1,rechazo de imposición cultural,,,,,
2D5412748CF9CD66,2026-02-17,07:00,,,"El Gobierno rechaza la prohibición del burka impulsada por Vox y PP | España

https://www.europesays.com/es/401697/

El PP busca elementos de enganche con Vox, en un momento en que el futuro de los populares…",prohibición del burka,Castellano,0,0.0,0.0,82.0,BlueSky,0,estrategia política,,,,,
EAF0AC2DA3DE29EE,2026-02-17,06:52,,,"El Gobierno rechaza la prohibición del burka impulsada por Vox y PP
elpais.com/espana/2026-... ¿cuantas personas llevan estos atuendos? No se los datos, pero de cien una? No lo se.... creo que la derecha quiere generar ruido donde no lo hay. Eso sí, propuestas que mejoren la vida a todos, NINGUNA.",prohibición del burka,Castellano,0,0.0,0.0,298.0,BlueSky,1,rechazo de imposición cultural,,,,,
876A52B2A59D58F5,2026-02-17,06:35,,,"Doble represión para las mujeres: cierta corriente de la religión musulmana (machista, como todas) que les obliga a llevar burka y la prohibición del burka que les obligan a llevar

El Supremo alertó del riesgo de aislamiento de las mujeres 
www.eldiario.es/politica/sup...",prohibición del burka,Castellano,5,3.0,5.0,6190.0,BlueSky,1,sometimiento de las mujeres,,,,,
AB49EC778314099E,2026-02-17,06:24,,,"El PP busca elementos de enganche con Vox. Y ha encontrado uno: la prohibición del uso del burka y el niqab en espacios públicos. Los dos partidos del Gobierno, PSOE y Sumar, anticipan su rechazo",prohibición del burka,Castellano,11,3.0,1.0,163351.0,BlueSky,0,estrategia política,,,,,
2DE67D05E210A340,2026-02-17,05:12,,,"La prohibición del burka que impulsan Vox y PP divide al Congreso
:elpais: https://elpais.com/espana/2026-02-17/el-gobierno-rechaza-la-prohibicion-del-burka-que-impulsan-pp-y-vox.html",prohibición del burka,Castellano,0,0.0,0.0,26.0,BlueSky,0,debate social,,,,,
23ACB99C526F39B0,2026-02-16,23:15,,,"@xabierfortes.bsky.social la prohibición del burka y nikab, no va ha hacer que, los que imponen su uso a las mujeres, vayan a permitir que salgan sin el. Probablemente signifique que esas mujeres perderán el derecho a salir a la calle.",prohibición del burka,Castellano,0,0.0,0.0,0.0,BlueSky,-1,rechazo de imposición cultural,,,,,
BE5F3D337A44A136,2026-02-16,21:12,,,"Última hora de la INFAMIA:
...PP se suma a Vox para impulsar la prohibición del burka y el niqab en España...
www.libertaddigital.com/espana/polit...
Este es el infame PACTO DE LA VERGÜENZA y del odio a los Otros, a la minoría, siempre a los más débiles...",prohibición del burka,Castellano,2,0.0,1.0,2474.0,BlueSky,-1,rechazo de imposición cultural,,,,,
794EEB4CF800AB67,2026-02-16,20:51,,,"Antes de entrar si quiera al tema de la prohibición del ""velo"", o no, habría que entender de qué estamos hablando 

Porque aquí se confunden hijab ( pañuelo ), niqab y burka como si fueran lo mismo y me da que es a propósito",prohibición del burka,Castellano,7,3.0,1.0,980.0,BlueSky,0,confusión,,,,,
2DF7CFCE521D1CB5,2026-02-16,18:43,,,"Junts mantiene la incógnita sobre el apoyo a la prohibición del burka y el niqab



🗳️ El apoyo a la Proposición de Ley registrada por la formación de Santiago Abascal en el Congreso de los Diputados para prohibir el burka y el niqab en los espacios públicos no se resolverá hasta la votación.",prohibición del burka,Castellano,0,1.0,1.0,2127.0,BlueSky,0,debate social,,,,,
1315A2C2B899EF61,2026-02-16,17:56,,,"PPVOX quieren prohibir la utilización del burka y niqab en los espacios públicos y, yo me pregunto si tambien pedirán la prohibición de",prohibición del burka,Castellano,16,2.0,8.0,2534.0,BlueSky,-1,rechazo de imposición cultural,,,,,
7E7DFD6A462B56DF,2026-02-16,16:05,,,"Elisa Beni defiende la prohibición del burka en España: ""Es una cárcel de tela"" ondace.ro/h7wkj1",prohibición del burka,Castellano,1,0.0,0.0,3347.0,BlueSky,1,prohibición burka,,,,,
9E47D271E2BF3F00,2026-02-16,14:31,,,"Lo de la prohibición de los nazis (pp/vox) del burka y el nicab en espacios públicos.

Mañana votan la ""Toma en consideración"", no que se apruebe. Pero aunque salga ese paso, su aprobación definitiva no es constitucional. La vestimenta es libertad de expresión y, por tanto, un ""Derecho Fundamental"".",prohibición del burka,Castellano,1,1.0,0.0,159.0,BlueSky,1,libertad de expresión,,,,,
FABBA2D4C1841202,2026-02-16,13:55,,,"¿Con la prohibición del uso del burka en este país se supone que también abarcará a todos esos ultras de Núcleo Nacional por ejemplo que aparecen en sus actos con la cara tapada, no? ¿NO? O eso solo sirve para los moros...eso sería no solo algo incoherente, sino también con un tufillo algo fascista.",prohibición del burka,Castellano,1,0.0,0.0,193.0,BlueSky,1,antifascismo,,,,,
3A3E95859E5F5BCA,2026-02-16,13:53,,,"Una cosa que me hace gracia de lo de la prohibición del burka y del niqab es si se va a prohibir también llevar gorro+bufanda en invierno, o gafas de sol+gorra+mascarilla en verano. ¿Dónde pones el límite y por qué?",prohibición del burka,Castellano,1,0.0,0.0,197.0,BlueSky,0,restricción de libertades,,,,,
0CFFEE7D38661577,2026-02-16,09:51,,,PP y Vox muestran su acuerdo con la prohibición del burka en plenas negociaciones autonómicas,prohibición del burka,Castellano,0,0.0,0.0,885.0,BlueSky,0,prohibición burka,,,,,
B253DE3ABD01E683,2026-02-15,22:45,,,Y ahora encendiendo la mecha del odio con la prohibición del burka y  el nikab en el congreso. Si se ven cuatro contadas. Con el burka 0. Ya son ganas,prohibición del burka,Castellano,1,0.0,0.0,486.0,BlueSky,-1,rechazo de imposición cultural,,,,,
97713F711FE3999E,2026-02-18,15:50,"Yolanda Díaz avisa a las ""derechas"" sobre prohibir el burka: ""Vulnera la Constitución española en su artículo 14 y 16""","La vicepresidenta segunda y ministra de Trabajo, Yolanda Díaz, ha firmado este martes que ""la propuesta de las derechas españolas"" [de prohibir el velo integral (burka y niqab) en el espacio público](https://www.heraldo.es/noticias/nacional/2026/02/17/psoe-elogia-junts-apoye-prohibicion-burka-presentada-vox-compromete-estudiar-suya-1894944.html) ""**vulnera la Constitución española en su artículo 14 y 16, que también tiene que ver con la libertad religiosa"".**

Así lo ha expresado la vicepresidenta segunda durante la rueda de prensa posterior a la reunión del Consejo de Ministros, en referencia a las **iniciativas presentadas por Vox y por Junts en el Congreso**, que defienden la prohibición del burka y el uso del velo en espacios públicos.","Yolanda Díaz avisa a las ""derechas"" sobre prohibir el burka: ""Vulnera la Constitución española en su artículo 14 y 16"" La vicepresidenta segunda y ministra de Trabajo, Yolanda Díaz, ha firmado este martes que ""la propuesta de las derechas españolas"" [de prohibir el velo integral (burka y niqab) en el espacio público](https://www.heraldo.es/noticias/nacional/2026/02/17/psoe-elogia-junts-apoye-prohibicion-burka-presentada-vox-compromete-estudiar-suya-1894944.html) ""**vulnera la Constitución española en su artículo 14 y 16, que también tiene que ver con la libertad religiosa"".**

Así lo ha expresado la vicepresidenta segunda durante la rueda de prensa posterior a la reunión del Consejo de Ministros, en referencia a las **iniciativas presentadas por Vox y por Junts en el Congreso**, que defienden la prohibición del burka y el uso del velo en espacios públicos.",prohibición burka espacios públicos,Castellano,2,,,,Reddit,0,prohibición burka espacios públicos,,,,,
466463656BA09F77,2026-02-19,00:08,Barcelona Mayor Collboni Opens Burqa Regulation Debate,"Barcelona Mayor Jaume Collboni has expressed openness to regulating the use of burqas in public spaces, characterising the full-face veil as a way of ""denying a woman's identity."" However, Collboni cautioned that an outright ban would not achieve the goal of ensuring women can make free choices about their clothing.

https://barna.news/barcelona-mayor-collboni-burqa-regulation-debate/","Barcelona Mayor Collboni Opens Burqa Regulation Debate Barcelona Mayor Jaume Collboni has expressed openness to regulating the use of burqas in public spaces, characterising the full-face veil as a way of ""denying a woman's identity."" However, Collboni cautioned that an outright ban would not achieve the goal of ensuring women can make free choices about their clothing.

https://barna.news/barcelona-mayor-collboni-burqa-regulation-debate/",veil ban public spaces,Inglés,1,,,,Reddit,0,regulación,,,,,
4E56FD6945EE9AB2,2026-02-19,15:33,"Rufián aboga por la prohibición del burka porque ""es una salvajada"", pese a votar en contra de vetarlo esta semana",,"Rufián aboga por la prohibición del burka porque ""es una salvajada"", pese a votar en contra de vetarlo esta semana",prohibición del burka,Castellano,2,,,,Reddit,1,rechazo de imposición cultural,,,,,
7A5AE7C68B4F3D99,2026-02-18,09:30,"La justicia europea admite la prohibición del velo que oculta la cara,","# Pero rechazó los motivos que ahora esgrimen Vox y Junts

* El niqab o el burka no suponen de por sí una discriminación de género, ni amenazan la seguridad, pero sí impiden una forma de relación social que los Estados tienen derecho a definir, según el Tribunal Europeo de Derechos Humanos","La justicia europea admite la prohibición del velo que oculta la cara, # Pero rechazó los motivos que ahora esgrimen Vox y Junts

* El niqab o el burka no suponen de por sí una discriminación de género, ni amenazan la seguridad, pero sí impiden una forma de relación social que los Estados tienen derecho a definir, según el Tribunal Europeo de Derechos Humanos",prohibición del burka,Castellano,3,,,,Reddit,0,rechazo de imposición cultural,,,,,
97713F711FE3999E,2026-02-18,15:50,"Yolanda Díaz avisa a las ""derechas"" sobre prohibir el burka: ""Vulnera la Constitución española en su artículo 14 y 16""","La vicepresidenta segunda y ministra de Trabajo, Yolanda Díaz, ha firmado este martes que ""la propuesta de las derechas españolas"" [de prohibir el velo integral (burka y niqab) en el espacio público](https://www.heraldo.es/noticias/nacional/2026/02/17/psoe-elogia-junts-apoye-prohibicion-burka-presentada-vox-compromete-estudiar-suya-1894944.html) ""**vulnera la Constitución española en su artículo 14 y 16, que también tiene que ver con la libertad religiosa"".**

Así lo ha expresado la vicepresidenta segunda durante la rueda de prensa posterior a la reunión del Consejo de Ministros, en referencia a las **iniciativas presentadas por Vox y por Junts en el Congreso**, que defienden la prohibición del burka y el uso del velo en espacios públicos.","Yolanda Díaz avisa a las ""derechas"" sobre prohibir el burka: ""Vulnera la Constitución española en su artículo 14 y 16"" La vicepresidenta segunda y ministra de Trabajo, Yolanda Díaz, ha firmado este martes que ""la propuesta de las derechas españolas"" [de prohibir el velo integral (burka y niqab) en el espacio público](https://www.heraldo.es/noticias/nacional/2026/02/17/psoe-elogia-junts-apoye-prohibicion-burka-presentada-vox-compromete-estudiar-suya-1894944.html) ""**vulnera la Constitución española en su artículo 14 y 16, que también tiene que ver con la libertad religiosa"".**

Así lo ha expresado la vicepresidenta segunda durante la rueda de prensa posterior a la reunión del Consejo de Ministros, en referencia a las **iniciativas presentadas por Vox y por Junts en el Congreso**, que defienden la prohibición del burka y el uso del velo en espacios públicos.",prohibición del burka,Castellano,2,,,,Reddit,0,prohibición burka espacios públicos,,,,,
4A2A93D8FA29948F,2026-02-15,17:41,,,"🚨🇵🇹 La Comisión Islámica de Portugal advierte que los musulmanes abandonarían el país si se aplica oficialmente la prohibición del burka en espacios públicos.

¿Debería Portugal llevarlo a cabo?",prohibición del burka,Castellano,11684,2744.0,2977.0,,X (Twitter),1,rechazo de imposición cultural,,,,,
DAED4C81FB227D60,2026-02-15,12:48,,,"🔵 Ester Muñoz, portavoz del PP en el Congreso, afirma que irán de la mano con Vox en impulsar ""la prohibición del burka integral en la esfera pública"".",prohibición del burka,Castellano,1825,368.0,273.0,,X (Twitter),1,prohibición burka,,,,,
662A1244FFD40DA0,2026-02-15,13:56,"Opinión impopular:

Si me dan a elegir, que prohiban OnlyFans antes que el burka.",,"Si lo que quieres es menos musulmanas en España, las deportas, no las quitas el burka para que se pongan un hiyab.

La prohibición del burka son las migajas del neofeminismo de derechas para mantener entretenido al electorado en su “lucha contra la islamización”.",prohibición del burka,Castellano,487,17.0,62.0,,X (Twitter),-1,rechazo de imposición cultural,,,,,
2008FDB1055B52E3,2026-02-16,15:04,,,"🇪🇸 | VOX, sobre la prohibición del burka y el niqab que va a impulsar en el Congreso:

«En VOX no queremos a ninguna mujer encerrada en una cárcel de tela en España».",prohibición del burka,Castellano,629,11.0,202.0,,X (Twitter),1,rechazo de imposición cultural,,,,,
4A2A93D8FA29948F,2026-02-16,13:22,,,"🚨☪️🇪🇸 ÚLTIMA HORA: La prohibición del burka llega a España tras una propuesta de ley de VOX para prohibir la vestimenta islámica machista en espacios públicos.

La iniciativa propone multas de 600€, que podrán incrementarse hasta 30.000€ en caso de reincidencia.

¿Qué opinas?",prohibición del burka,Castellano,2369,286.0,572.0,,X (Twitter),1,prohibición burka espacios públicos,,,,,
9BA5A11F550CDD0E,2026-02-16,09:39,,,"☪️🇪🇸 La prohibición del burka y el niqab llega a España tras una propuesta de ley de VOX para prohibir la vestimenta islámica machista en espacios públicos

La iniciativa propone multas de 600€, que podrán incrementarse hasta 30.000€ en caso de reincidencia

¿Qué opinas tú? 🤔",prohibición del burka,Castellano,4728,759.0,1449.0,,X (Twitter),1,prohibición burka,,,,,
D882AA5C984868CA,2026-02-16,21:15,,,‼️🇪🇸 | VOX sobre la prohibición del burka y el niqab en el Congreso: “En VOX no queremos a ninguna mujer encerrada en una cárcel de tela en España”.,prohibición del burka,Castellano,279,2.0,78.0,,X (Twitter),1,prohibición burka,,,,,
673BFF5902EF8945,2026-02-16,23:15,,,"#LaNoche24hLa prohibición del burka nos parece bien a todos los demócratas, de derechas e izquierdas. Atenta contra la dignidad, derechos y libertades de la mujer. Por él son asesinadas miles de mujeres al año. Dejad de blanquearlo. No es libertad. Es machismo.",prohibición del burka,Castellano,466,4.0,155.0,,X (Twitter),-1,rechazo de imposición cultural,,,,,
5D299DE4085A8369,2026-02-16,16:06,,,"Elisa Beni defiende la prohibición del burka en España: ""Es una cárcel de tela""ondace.ro/h7wkj2",prohibición del burka,Castellano,699,28.0,158.0,,X (Twitter),1,prohibición burka,,,,,
0DD95CCAA986F272,2026-02-16,19:49,,,El verdadero debate es que los que defienden la prohibición del burka porque “tapa a la mujer” me censuran por “enseñar demasiado”. El cuerpo de la mujer como arma política siempre,prohibición del burka,Castellano,78,6.0,8.0,,X (Twitter),-1,sometimiento de las mujeres,,,,,
EA354B9BB0DE1EC9,2026-02-16,17:54,,,"Sumar tacha de ""retrógrada"" la prohibición del burka y carga contra Vox y el PP

✍️@AntonioMoleon21libertaddigital.com/espana/p…",prohibición del burka,Castellano,146,270.0,92.0,,X (Twitter),1,rechazo de imposición cultural,,,,,
9A0BAE69718AD2D8,2026-02-16,19:18,,,"La miserable izquierda española, con sus ridículas y lerdas feministas, en contra de la prohibición del burka y el niqab en España.

Son tan cretinos que no entienden que está denigración de la mujer, absolutamente anticonstitucional, está por encima de cualquier ideología.",prohibición del burka,Castellano,148,23.0,77.0,,X (Twitter),-1,rechazo de imposición cultural,,,,,
DAED4C81FB227D60,2026-02-16,12:30,,,🚨 PP y Vox votarán en el Congreso la prohibición del burka en espacios públicos.okdiario.com/espana/pp-vox-p…,prohibición del burka,Castellano,334,22.0,73.0,,X (Twitter),0,prohibición burka espacios públicos,,,,,
F7C687BD362E352B,2026-02-17,23:37,,,La prohibición del burka y el niqab en los espacios públicos decae por el rechazo de Juntsabc.es/sociedad/prohibicion-…a través de@ABC_Sociedad,prohibición burka espacios públicos,Castellano,0,0.0,0.0,,X (Twitter),1,rechazo de imposición cultural,,,,,
996A8617A2C38B8B,2026-02-17,10:14,,,"❌ PP y Vox reclaman al Gobierno la prohibición del burka en los espacios públicos de España 

➡️ La izquierda ha recocido que el velo integral islámico somete a las mujeres pero han rechazado la propuestalarazon.es/espana/vox-reclam…",prohibición burka espacios públicos,Castellano,20,5.0,10.0,,X (Twitter),0,prohibición burka,,,,,
057A88CD721EC968,2026-02-17,16:40,"🤝 PP y Vox encuentran en el burka su primera vía de entendimiento

Los populares apoyarán la medida mientras continúan las negociaciones autonómicas

✍️ Informa@_Carlos_Mullorabc.es/espana/pp-apoyara-pro…",,"➡️ La prohibición del burka y el niqab en los espacios públicos decaerá por el rechazo de Junts 

✍️ Por@gregoriacarodabc.es/sociedad/prohibicion-…",prohibición burka espacios públicos,Castellano,0,3.0,1.0,,X (Twitter),1,rechazo de imposición cultural,,,,,
057A88CD721EC968,2026-02-17,19:33,,,🔴#ÚLTIMAHORALa prohibición del burka y el niqab en los espacios públicos decae por el rechazo de Juntsabc.es/sociedad/prohibicion-…,prohibición burka espacios públicos,Castellano,24,26.0,13.0,,X (Twitter),1,rechazo de imposición cultural,,,,,
17F21A233D511C56,2026-02-17,19:10,,,La prohibición del burka y el niqab en los espacios públicos decaerá por el rechazo de Juntsabc.es/sociedad/prohibicion-…,prohibición burka espacios públicos,Castellano,0,0.0,0.0,,X (Twitter),1,rechazo de imposición cultural,,,,,
B8B9DF5226C4ACA8,2026-02-17,21:45,,,"Estas feministas que han votado en contra de la prohibición del burka, a mi, no me representan",prohibición del burka,Castellano,0,1.0,1.0,,X (Twitter),1,rechazo de imposición cultural,,,,,
303AB19787E3FAC2,2026-02-17,10:01,,,"Hoy se debate y vota en el@Congreso_Esla prohibición del burka y el nicab. Apunten quienes voten a favor de mantener estas cárceles de tela para mujeres y niñas. Porque el velo no es un mero trapo, es la imposición de una moral patriarcal que subordina y daña a las mujeres. Es, como señala hoy Najat El Hachmi en el El País, «la parte visible de una política se×ual que pretende anular nuestra condición de sujetos deseantes». 

Es además un símbolo del islamismo, un símbolo de conquista sobre mujeres y territorios que debe ser tajantemente prohibido. Apunten quienes lo normalizan, legitiman y hasta celebran llamando expresión de la diversidad a lo que es un sumisión y vioIencia.",prohibición del burka,Castellano,2023,85.0,814.0,,X (Twitter),1,prohibición burka espacios públicos,,,,,
9C216CA674E4EAA6,2026-02-17,18:10,,,"Los golpistas cuyo líder es, además, un cobarde huido de la justicia, se hacen los estrechos. Os va a comer vivos Silvia Orriols. Tic tac…

Junts registra una proposición de ley sobre la prohibición del burka para evitar apoyar la de Voxabc.es/espana/junts-registra…vía@ABCespana",prohibición del burka,Castellano,197,5.0,66.0,,X (Twitter),0,debate social,,,,,
961E0FD72413E02A,2026-02-17,16:51,,,🔴 ÚLTIMA HORA | El PP rechaza en Ceuta y Melilla la prohibición del burka que dice que apoyará en el Congresogaceta.es/espana/el-pp-de-ce…,prohibición del burka,Castellano,1378,187.0,1027.0,,X (Twitter),0,estrategia política,,,,,
54CBAB87948CCEC3,2026-02-17,19:16,,,"He escuchado con toda la atención posible el debate sobre la prohibición del burka en el espacio público en el Congreso y puedo garantizar con métrica (de falacias de manual, todo el catálogo) que nunca, nunca en la historia de la democracia hemos vivido un nivel más deplorable.",prohibición del burka,Castellano,903,19.0,188.0,,X (Twitter),1,deplorable,,,,,
64D3BE9FB698F8A8,2026-02-17,06:22,,,"Los partidos de derecha de España impulsan la prohibición del burka y el gobierno (izquierda) la rechaza.
Pero como esto es X, les quiero preguntar a ustedes su opinión al respecto.
Burka: ¿Sí o No?",prohibición del burka,Castellano,2462,4197.0,946.0,,X (Twitter),0,prohibición burka,,,,,
88B003C0E23384D0,2026-02-17,21:51,,,"Recuerdo hace unos años cuando las azafatas de la fórmula 1, que se vestían como les salía del coño, sufrieron un boicot por parte de las feministas porque su vestimenta las cosificaba.
Hoy, son las mismas que están en contra de la prohibición del burka.",prohibición del burka,Castellano,7613,98.0,2270.0,,X (Twitter),1,rechazo de imposición cultural,,,,,
9FC654E9F8CA238D,2026-02-17,20:43,,,"Las mujeres que han votado en contra de la prohibición del burka reconocen que no les gusta; ninguna se lo pondría y, por lo que sea, han votado en contra.",prohibición del burka,Castellano,247,10.0,64.0,,X (Twitter),0,opción,,,,,
D69DCCAB395D09F5,2026-02-17,22:59,,,La izquierda en bloque se opone a la prohibición del burka y el nikab en espacios públicos. Apoyan la exhibición desacomplejada del peor de los machismos. Vergüenza eterna.,prohibición del burka,Castellano,1418,42.0,607.0,,X (Twitter),-1,rechazo de imposición cultural,,,,,
D4B1169C7266C7F9,2026-02-17,23:55,🔴 Simpatitzants de Junts es revolten contra el vot contrari a la prohibició del burca: 'Ja no us votaré mai més'e-notici.es/UQyi48,,"@grok, ¿Los simpatizantes de Junts se están rebelando contra el referendo por la prohibición del burka?",prohibición del burka,Castellano,0,1.0,0.0,,X (Twitter),1,rechazo de imposición cultural,,,,,
2008FDB1055B52E3,2026-02-17,19:16,,,"🇪🇸 | Abascal, antes de votar su propuesta de prohibición del burka rechazada por los independentistas catalanes, denuncia que «el separatismo catalán, tanto de izquierdas como de derechas, prefiere una república islámica de Cataluña antes que una España que defienda la dignidad y la libertad de la mujer».",prohibición del burka,Castellano,1497,21.0,476.0,,X (Twitter),-1,rechazo de imposición cultural,,,,,
834B3324DE445A3D,2026-02-17,23:55,,,"De nuevo la psyop de la prohibición del burka, algo que aún no pueden conseguir y que están utilizando cada vez que PP y VOX fingen separación estratégica.

Y ante esa campaña ideológica judía, no podía fallar Horizonte para hablar de la islamización de España.",prohibición del burka,Castellano,19,0.0,9.0,,X (Twitter),0,estrategia política,,,,,
3E097B1F4EF48041,2026-02-17,17:16,,,"❌️ Escuchen a la Yoli que dice que la prohibición del burka vulnera la Constitución. 
Y yo te digo a tí: Estáis vulnerando vosotros todos los días La Constitución. 
❌️ España está SIN PRESUPUESTOS.‼️",prohibición del burka,Castellano,489,41.0,242.0,,X (Twitter),-1,rechazo de imposición cultural,,,,,
BBA6DFBF4F68DC26,2026-02-17,17:11,,,El PP rechaza en Ceuta y Melilla la prohibición del burka que dice que apoyará en el Congresogaceta.es/espana/el-pp-de-ce…vía@gaceta_es,prohibición del burka,Castellano,236,27.0,177.0,,X (Twitter),1,rechazo de imposición cultural,,,,,
0E282675B7FE289B,2026-02-17,10:40,,,"Los fanáticos queer van a intentar convencernos de que la prohibición del burka es cosa de la extrema derecha. No se os olvide que las feministas llevamos décadas denunciando la misoginia de las religiones, y que en Irán hay mujeres asesinadas por luchar contra el velo y el burka",prohibición del burka,Castellano,392,16.0,121.0,,X (Twitter),1,antifascismo,,,,,
9BA5A11F550CDD0E,2026-02-17,14:41,,,"🇪🇸⛔️🧕🏽 A colación sobre el tema de la prohibición del Burka en España a instancia de VOX, les comparto esta reflexión…

🗣️ Nilufar Saberi (refugiada iraní y activista feminista):
“Tú, como mujer, eres responsable del comportamiento sexual del varón…
Así enseña el islam a las niñas a tener que cubrirse para evitar tentaciones al varón”

¿Entiendes que los colectivos Feministas, Progres y LGBT estén contra la prohibición de la machista/misógina prenda del Burka? 🤔",prohibición del burka,Castellano,1159,43.0,653.0,,X (Twitter),1,misoginia,,,,,
BCB65FF3589CA66F,2026-02-18,01:43,,,La prohibición del burka y el niqab en los espacios públicos decae por el rechazo de Juntsabc.es/sociedad/prohibicion-…vía@ABC_Sociedad,prohibición burka espacios públicos,Castellano,0,0.0,0.0,,X (Twitter),1,rechazo de imposición cultural,,,,,
57A9AF5EFB9D7A73,2026-02-18,18:59,"📺 TV en DIRECTO | Rufián: ""El burka es una salvajada. Si somos izquierda laica de verdad, no podemos permitir que se invisibilice a las mujeres de esa manera""shorturl.at/LpV0f",,"Pero@gabrielrufian, colega, que ayer, AYER! Votaste en contra de la propuesta de prohibición del burka en el Congreso.",prohibición del burka,Castellano,4683,70.0,1145.0,,X (Twitter),1,rechazo de imposición cultural,,,,,
7C259729159F4E18,2026-02-18,16:30,Qué impacto ha tenido el veto al burka en los países de la UE que llevan años aplicándolo y cómo se está extendiendoeldiario.es/internacional/im…,,"El problema de plantear que no procede la prohibición del burka porque no ha logrado disminuir su uso en otros países, es que alguien podrá responder que nuestra legislación contra la violencia de género tampoco ha logrado bajar las estadísticas.",prohibición del burka,Castellano,85,9.0,26.0,,X (Twitter),0,rechazo de imposición cultural,,,,,
F0BFF7F20B26DA92,2026-02-18,15:33,,,"PROHIBICIÓN DEL BURKA Y EL NIQAB

✅ VOX propondrá al pleno del Ayto. Murcia que se prohíba acceder con el rostro cubierto a cualquier dependencia municipal 

👉🏽para garantizar la Seguridad 
👉🏽y porque las cárceles de tela no son compatibles con nuestras costumbres#gmvoxmurcia",prohibición del burka,Castellano,69,5.0,51.0,,X (Twitter),1,prohibición burka,,,,,
DF087002B98D8692,2026-02-17,20:10,,,"Que Yolanda Díaz diga que la prohibición del burka es de derechas, antirreligiosa y anticonstitucional es para vomitar.
Parece que el feminismo y la liberación de cualquier mujer ante una vestimenta totalmente opresiva, le importa mucho menos.

Es la hipocresía de esta gente.",prohibición del burka,Castellano,522,78.0,203.0,,X (Twitter),-1,opresión,,,,,
F0BFF7F20B26DA92,2026-02-18,15:24,"Esta cárcel para las mujeres fue defendida ayer en el Congreso por el PSOE y las demás izquierdas, con colaboración de Junts que ya abraza la República Islámica de Cataluña.
A  todos ellos se les llena la boca con la palabra ""feminismo"".",,"PROHIBICIÓN DEL BURKA Y EL NIQAB

✅ VOX propondrá al pleno del Ayto. Murcia que se prohíba acceder con el rostro cubierto a cualquier dependencia municipal 

👉🏽para garantizar la Seguridad 
👉🏽y porque las cárceles de tela no son compatibles con nuestras costumbres#gmvoxmurcia",prohibición del burka,Castellano,34,1.0,14.0,,X (Twitter),1,prohibición burka,,,,,
D511D7E1BAA2905F,2026-02-18,23:30,,,"Tenso debate entre Tesh Sidi y Albiol al defender la prohibición del burka: ""No entiendo como las que vais de feministas ponéis peros""#TEM18Fver.tw/npn704",prohibición del burka,Castellano,4,1.0,1.0,,X (Twitter),0,debate social,,,,,
4A2A93D8FA29948F,2026-02-19,23:57,,,"🚨 IMPACTANTE:

🇵🇹 El portugués André Ventura envía un mensaje tras la PROHIBICIÓN del burka:

""¿Quieres usar una burka?

Es muy fácil, regresa a tu país de origen. Toma un vuelo a Arabia Saudita o Afganistán. ¡Aquí no!""",prohibición del burka,Castellano,77,2.0,37.0,,X (Twitter),1,prohibición burka,,,,,
9640972FA40F0BF2,2026-02-19,16:52,,,"Os pongo un par de vídeos de@guidoprincesay yo hablando de seguridad en los barrios y de prohibición del burka. Son de hace diez años. Al salir nos llamaron racistas y fascistas.

Ah, no. Espera; me he equivocado. Son los videos de dos sinvergüenzas que empiezan a perder votos.",prohibición del burka,Castellano,2521,26.0,877.0,,X (Twitter),1,rechazo de imposición cultural,,,,,
AEC70BBA69149619,2026-02-19,23:47,"No hay burka que tape esto.
En nuestro país cada semana están asesinando a mujeres por el simple hecho de serlo.
Hablemos de problemas reales, no ficticios.
No me gusta el burka, pero no es el motivo por el que se asesina/agrede a mujeres en España. 
Fuera burkas y fuera fachas.",,"Parece que quién no lo tiene claro son los que votaron en contra de la prohibición del burka, ¿Eres o te haces?",prohibición del burka,Castellano,1,0.0,0.0,,X (Twitter),1,rechazo de imposición cultural,,,,,
50A93B42E008F864,2026-02-19,23:26,,,España: Antonio Naranjo: La Izquierda y la Prohibición del Burka#shorts#pedrosanchez#españa- YouTubeyoutube.com/shorts/vrIftpBER…,prohibición del burka,Castellano,0,0.0,0.0,,X (Twitter),0,debate social,,,,,
4FEE54DB9BFF3CBB,2026-02-17,13:31,,,Tenemos a miembros del gobierno diciendo que la prohibición del burka y el niqab vulnera la libertad religiosa. No sé por qué no han denunciado a los países UE que lo han prohibido hace décadas ante la Comisión Europea por infracción del Derecho de la Unión,prohibición del burka,Castellano,1426,61.0,453.0,,X (Twitter),1,restricción de libertades,,,,,
7B7E8676B2DAB93F,2026-02-18,08:33,,,"“La prohibición del burka se usa como marcador ideológico; da pena que Vox convierta estos debates en un lodazal y lo capitalice”

📻@anvillarinoen#ElAbierto🎧 Audios de la tertulia:cadenaser.com/podcast/cadena…📹 Vídeo:youtube.com/watch?v=Vmv1lnlC…",prohibición del burka,Castellano,7,13.0,3.0,,X (Twitter),-1,opresión,,,,,
DABBE83E17EA291D,2026-02-19,12:34,,,¿Para la prohibición del burka no os aplica la mierda de paradoja de Popper que tanto os gustaba?,prohibición del burka,Castellano,83,1.0,12.0,,X (Twitter),0,paradoja de Popper,,,,,
26C35C9D68A32651,2026-02-19,10:05,,,"Un día votas en contra de la prohibición del burka y al siguiente dices que es una salvajada en el evento en el que tratas de erigirte como nueva cabeza visible de la denominada ""izquierda"". Gabriel Rufián. No tratéis de entenderlo.",prohibición del burka,Castellano,521,29.0,154.0,,X (Twitter),1,deplorable,,,,,
794945DE17CCA3AA,2026-02-19,11:19,,,"‼️ ""El burka es una salvajada. Si somos izquierda laica de verdad, no podemos permitir que se invisibilice a las mujeres de esa manera""

Rufián manifiesta su opinión tras el debate generado por la prohibición del burka",prohibición del burka,Castellano,250,94.0,34.0,,X (Twitter),1,antifascismo,,,,,
9F6EC561F62849FA,2026-02-20,15:23,,,🔴 Ada Colau sobre la prohibición del burka: “también los nazarenos de Semana Santa porque van todos tapados”.,prohibición del burka,Castellano,64,52.0,17.0,,X (Twitter),0,antifascismo,,,,,
9D9F854C07AE67E9,2026-02-20,12:03,,,España: Antonio Naranjo: La Izquierda y la Prohibición del Burka#short...youtube.com/shorts/vrIftpBER…a través de@YouTube,prohibición del burka,Castellano,0,0.0,1.0,,X (Twitter),0,estrategia política,,,,,
C937F0812FAA0807,2026-02-20,23:18,Pregunta del día (20/02/26): ¿Estás a favor de la prohibición del burka?,,"No soló de la prohibición del burka. También la prohibición de cualquier musulmán y expulsión a cualquier país donde se practique esa religión... 
El Islam es incompatible con la cultura española. 
El Islam odia a la mujer, a los perros, al jamón, a las cervezas.. Etc. Dan asco",prohibición del burka,Castellano,0,0.0,0.0,,X (Twitter),-1,opresión,,,,,
2524B899457B5C8B,2026-02-20,07:34,,,Pregunta del día (20/02/26): ¿Estás a favor de la prohibición del burka?,prohibición del burka,Castellano,1612,1344.0,259.0,,X (Twitter),0,prohibición burka,,,,,
9FC654E9F8CA238D,2026-02-21,19:26,,,"El Sr. Galán cree que la prohibición del burka puede suponer una infantilización de la mujer. No Sr. Galán: ni aquí ni en Afganistán llevar burka es una decisión personal. Para empezar, porque las mujeres que en España lo llevan proceden de países donde su uso es obligatorio.",prohibición del burka,Castellano,683,27.0,157.0,,X (Twitter),1,opresión,,,,,
988CFC68C86B9FE7,2026-02-21,09:12,,,"Rufián habla ahora de ""salvajismo"" para intentar vender su nuevo proyecto, cuando lleva años defendiendo la destrucción de España, de su cultura y la sustitución étnica.

Tan solo 24 horas antes de estas declaraciones, había votado en contra de la prohibición del burka en nuestro país.

La hipocresía de esta gente no tiene precedentes. No engañan a nadie.",prohibición del burka,Castellano,1654,68.0,461.0,,X (Twitter),1,hipocresía,,,,,
7FF4C1CD132178BE,2026-02-21,22:36,,,"La trinchera de Llamas en esRadio a la postura de la izquierda en el debate de la prohibición del burka con insólitas declaraciones como las de Patxi López, enmarcando esta prenda en la ""expresión de la libertad religiosa"".",prohibición del burka,Castellano,2,1.0,2.0,,X (Twitter),1,hipocresía,,,,,
47B29D7C1DAFCD16,2026-02-21,14:47,,,"➡@ObispoGinessobre la prohibición del burka: “Vulnerar la libertad religiosa es peligrosa porque hoy puede tocar al islam y mañana al cristianismo""

➡El obispo de Getafe analiza en@findesemanacopela medida propuesta por Voxver.cope.es/rtu032",prohibición del burka,Castellano,12,2.0,2.0,,X (Twitter),0,libertad religiosa,,,,,
B2498D47E7CB7ED0,2026-02-18,17:13,,,"Ah, que ya es that time of the year again, el time del debate sobre el burka.
Así a ojo, cuántos debates clónicos habrá habido en tuíter sobre la prohibición del burka? Más o menos que sobre el BDSM?",prohibición del burka,Castellano,4,0.0,2.0,,X (Twitter),0,debate social,,,,,
43CB2A2DFD57D11B,2026-02-21,11:07,,,"Entrevista a@ElenaRamallo3en la@TrincheraLlamassobre la prohibición del burka

""Lo que la izquierda ve como libertad es en realidad una prisión""esradio.libertaddigital.com/…",prohibición del burka,Castellano,65,2.0,26.0,,X (Twitter),1,hipocresía,,,,,
