ID,FECHA,TITULO,CUERPO,CONTENIDO,KEYWORD,LANGUAGE,FUENTE,SENTIMIENTO,TOPIC,sent_Legitimación_sociopolítica,sent_Efectividad_percibida,sent_Justicia_y_equidad_percibida,sent_Confianza_y_legitimidad_institucional,sent_Marcos_discursivos_dominantes
C9D07D2993CCC190,2026-01-02,,,Dos balizas V16 con más de 100 candelas para tener una mejor visibilidad si tenemos una emergencia con el coche,balizas v16,Castellano,BlueSky,1,balizas v16 emergencia visibilidad,2,1,2,2,2
FA9A7D74A268401A,2026-01-02,,,"Los datos que recibe la DGT de las balizas son públicos.

Este mapa muestra las balizas V16 activas en tiempo real. El Flight Radar de los coches averiados.
#BalizaV16

mapabalizasv16.es#mapa",balizas v16,Castellano,BlueSky,-1,balizas v16 activas en tiempo real,2,2,2,2,2
AF32334E3C09B5FB,2026-01-02,,,Nuevo revés para las balizas V16: Pueden dar problemas a los marcapasos y los desfibriladores,balizas v16,Castellano,BlueSky,-1,balizas V16 problemas marcapasos desfibriladores,-1,1,0,0,-1
E229209251C792E3,2026-01-02,,,Mapa que muestra todas las balizas v16 activas…,balizas v16,Castellano,BlueSky,0,no relacionado,,,,,
EA724F683BAF7001,2026-01-02,,,Mapa con todas las balizas V16 activadas en tiempo real mapabalizasv16.es#mapa,balizas v16,Castellano,BlueSky,0,no relacionado,,,,,
1BA32E63E1C1B50D,2026-01-02,,,Un mapa en tiempo real de las balizas V16 activas en España | #Gadgets | por @wicho.bsky.social,balizas v16,Castellano,BlueSky,0,balizas V16 activas España,,,,,
03F9163623408C79,2026-01-02,,,Mapa en tiempo real de balizas V16 activas en carreteras de España share.google/StnB7gOQsCiv...,balizas v16,Castellano,BlueSky,0,no relacionado,,,,,
03F9163623408C79,2026-01-02,,,"@jmeski.bsky.social 

Esto puede ser ilegal? No existe ninguna asociación  jueces/ abogados que lo impugne? 🙄🙄🤔

Web que localiza públicamente  ubicación de todas las balizas v16 de la DGT",balizas v16,Castellano,BlueSky,-1,balizas v16,,,,,
1466AF69EA50F599,2026-01-02,,,"Holiiisss.
He hecho un Rt, donde puedes ver un mapa de balizas V16 activas.
No he mirado en Soria, te lo dejo como deberes.",balizas v16,Castellano,BlueSky,-1,no relacionado,,,,,
DCA8617A0E6D746D,2026-01-02,,,"Balizas V16 em sona a Pallisses a 16 vàlvules, que és el que mereixen els seus inventors i legisladors.",balizas v16,Castellano,BlueSky,1,Balizas V16,,,,,
1CFE4245F4998B4E,,,,"🚨 Las tres comunidades autónomas en las que la DGT no te multa por no llevar la baliza V16

Las balizas V16 se han convertido en parte del equipamiento obligatorio de los vehículos que circulan por las carreteras",balizas v16,Castellano,BlueSky,0,no relacionado,,,,,
2CD0AC23B88ED5CD,2026-01-02,,,"Muy chulo esto. Como ya son obligatorias las balizas V16 (que están conectadas a la DGT) en todos los vehículos, ya se puede consultar a tiempo real todas las balizas activas en España. Y saber con anticipación dónde ha habido un incidente. ⬇️
mapabalizasv16.es",balizas v16,Castellano,BlueSky,1,verificación de balizas V16,,,,,
CEADEEC40D29E63C,2026-01-02,,,"tirando dos datos da DGT, mapa das balizas v16 activadas en tempo real mapabalizasv16.es#mapa",balizas v16,Castellano,BlueSky,-1,no relacionado,,,,,
200C665EE0BCE0A4,2026-01-02,,,🚨🚘Cantas balizas V16 hai activas arestora en Galicia? Un mapa permite comprobalo en tempo real,balizas v16,Castellano,BlueSky,-1,balizas v16,,,,,
36A02DFABEC6344C,2026-01-02,,,🚨 Cantas balizas V16 están activas neste momento e onde?,balizas v16,Castellano,BlueSky,0,no relacionado,,,,,
E30A7013ED5F61D1,,,,Falsificaciones de balizas V16: cómo saber si la mía está homologada por la DGT para este 2026 heral.do/p9oh62,balizas v16,Castellano,BlueSky,-1,falsificaciones balizas V16 homologación DGT,,,,,
6BC62A7A16128921,2026-01-02,,,¿Dónde ver en directo las balizas V16 activas en España?   #balizaV16 #DGT #seguridadvial #trafico #carreteras #movilidad #conduccion #emergencias #automovil #España #2deenero #felizviernes  donporque.com/donde-ver-di...,balizas v16,Castellano,BlueSky,1,#donporque.com/donde-ver-di...,,,,,
1F46FAFA301A84F7,2026-01-01,,,HUMOR. Así reaccioné viendo las nuevas balizas v16,balizas v16,Castellano,BlueSky,1,v16,,,,,
31D6D1E65B613FD2,,,,Jorge Costas denuncia que el Gobierno pidió mordidas por impulsar las balizas V16 dozz.es/ub1vz2,balizas v16,Castellano,BlueSky,-1,balizas V16,,,,,
7DFECF65DA69C9B7,2026-01-01,,,"Verifica RTVE desmonta algunos de los bulos más comunes de las balizas V16
https://www.rtve.es/noticias/20260101/verifica-rtve-desmonta-bulos-mas-comunes-balizas-v16/16873132.shtml

スペインでは今月から故障して路上に車を駐める際、V16ビーコン装置の設置義務付け。EU初。三角表示板設置で路上に出るリスクを勘案した。不携帯罰金€3万とのデマが飛んでいるが実際は€80",balizas v16,Castellano,BlueSky,-1,V16 balizas desmontadas,,,,,
7A8B1FEA629E9B6E,2026-01-01,,,Ejemplo gráfico de uno de los primeros sujetos en hacer uso de las polémicas balizas V16 reglamentadas por la DGT...,balizas v16,Castellano,BlueSky,-1,no relacionado,,,,,
FB1EEE17299AAA74,2026-01-01,,,"- Pedro Sánchez nos quiere controlar con las balizas V16 a través del GPS que permite saber dónde estamos en cada momento.
- Pero eso será a ti. A nosotros no es necesario porque ya lo estábamos con el 5G de las vacunas.",balizas v16,Castellano,BlueSky,-1,balizas V16,,,,,
FB1EEE17299AAA74,2026-01-01,,,"Pedro Sánchez dimitió por las balizas V16 y por decir ""Felices fiestas"" en vez de ""Feliz Navidad"".",balizas v16,Castellano,BlueSky,-1,dimitió por las balizas V16,,,,,
D6D6C8EFD43761B2,,,,Verifica RTVE desmonta algunos de los bulos más comunes de las balizas V16 dozz.es/i35ql3,balizas v16,Castellano,BlueSky,-1,balizas V16,,,,,
C1553849A77E25F4,2026-01-01,,,Ostia que me tenía que comprar las balizas v16,balizas v16,Castellano,BlueSky,0,balizas v16,,,,,
2C89556D43AFDCC7,2025-12-31,,,"Al contrario, es como las balizas V16, entran las prisas porque a ver dónde anotas las cosas.",balizas v16,Castellano,BlueSky,-1,balizas V16,,,,,
8341B3E72F1BDEA6,2025-12-31,,,"@rubensanchez.tw como estás alertando de estafas con balizas V16, por si quieres comentar también que detras de algunas balizas hay estafas a modo de suscripciones a servicios que te venden como la aplicación para gestionarla y luego te cobran 28€ a las 2h y cuando cancelas, te suscriben a terceros.",balizas v16,Castellano,BlueSky,-1,estafas balizas V16,,,,,
16042C160E293F1E,2025-12-31,,,"Bueno, ¿habéis pillado al final las balizas V16 para el coche? A mí me salieron gratis por Travel Club.",balizas v16,Castellano,BlueSky,1,"bueno, ¿habéis pillado al final las balizas V16 para el coche? A mí me salieron gratis por Travel Club.",,,,,
0CD3C1449F0170F0,2025-12-31,,,"Un guardia civil reprende a Miguel Lago por una broma en Antena 3: ""Frivolizar con estas cosas deja mucho que desear""

👉 El humorista hizo un comentario sobre las balizas V16 que no gustó nada al experto consultado por el programa",balizas v16,Castellano,BlueSky,-1,balizas v16,,,,,
425312DA3F2E9865,2025-12-31,,,"Y por si fuera poco les van a pillar a partir de mañana mismo sin que lleven las balizas V16.
Lo dicho, poco les pasa.",balizas v16,Castellano,BlueSky,-1,no relacionado,,,,,
AB49EC778314099E,,,,"Guerra de precios de las balizas V16 en vísperas de su obligatoriedad. Las operadoras, grandes superficies y distribuidores ‘online’ ofertan por entre 25 y 40 euros este dispositivo, necesario desde el 1 de enero",balizas v16,Castellano,BlueSky,-1,balizas V16 precios,,,,,
C94BE7CC2DFB30C1,2025-12-31,,,"Guerra de precios de las balizas V16 en vísperas de su obligatoriedad
elpais.com/economia/202...",balizas v16,Castellano,BlueSky,-1,balizas V16,,,,,
74130385C4349C20,2025-12-31,,,"La DGT ha retirado la venta de cuatro balizas V16 que antes eran válidas. Así he comprobado en segundos con mi iPhone si la mía es una de las afectadas
www.applesfera.com/general/dgt-...",balizas v16,Castellano,BlueSky,-1,balizas V16,,,,,
B99B708A2E99180F,2025-12-30,,,"Jo penso que un govern d’un país normal hauria de prendre el toro per les banyes en el cas de les balises V16. El gran negoci de dos guàrdia civils, que tots sabem com els fan. Sr. Presidente Sanchez: Prohiba esas balizas antes del 1 de enero. Haga algo útil!",balizas v16,Castellano,BlueSky,-1,no relacionado,,,,,
0CFFEE7D38661577,,,,"🤬 Un abogado carga contra la implantación de las balizas V16 tras retirar la DGT cuatro homologaciones: «Mucha gente ya se está cagando en todo»

🔗 ver.abc.es/q5v9m6",balizas v16,Castellano,BlueSky,-1,balizas V16,,,,,
90BD81F1BB8087BF,2025-12-30,,,¿Cuánto creéis que tardarán en cambiar las balizas V16?,balizas v16,Castellano,BlueSky,0,balizas v16,,,,,
3DCDD3FB09E47876,2025-12-30,,,"🤦‍♂️  La DGT retira la homologación a cuatro modelos de balizas V16 por motivos administrativos pero los conductores podrán usarlas | FACUA

facua.org/noticias/la-...",balizas v16,Castellano,BlueSky,-1,no relacionado,,,,,
3B930158FDD047E1,2025-12-30,,,"‼️ La DGT retira cuatro modelos de balizas V16 a días de su uso obligatorio

#TeLoExplico",balizas v16,Castellano,BlueSky,0,no relacionado,,,,,
12488CB00C2C7CD1,2025-12-30,,,La DGT ha retirado la venta de cuatro balizas V16 que antes eran válidas. Así he comprobado en segundos con mi iPhone si la mía es una de las afectadas,balizas v16,Castellano,BlueSky,-1,balizas V16,,,,,
E3A07D1DC55EE20E,2025-12-30,,,Dos balizas V16 con más de 100 candelas para tener una mejor visibilidad si tenemos una emergencia con el coche,balizas v16,Castellano,BlueSky,1,balizas v16 emergencia visibilidad,,,,,
7E7DFD6A462B56DF,,,,El tiempo que pueden durar las pilas de las balizas V16 de la DGT: qué pasa si se apagan en plena emergencia ondace.ro/ub3q44,balizas v16,Castellano,BlueSky,-1,balizas v16,,,,,
C9D07D2993CCC190,2025-12-30,,,El gran plan de la DGT no termina con las balizas V16: quiere conectar todo el tráfico como ya hacen en China,balizas v16,Castellano,BlueSky,0,no relacionado,,,,,
81D431FD0BC29F6B,2025-12-30,,,"La DGT retira la homologación a cuatro modelos de balizas V16 por motivos administrativos pero los conductores podrán usarlas
facua.org/noticias/la-...",balizas v16,Castellano,BlueSky,-1,no relacionado,,,,,
18BBABBC6A7FE41A,2025-12-30,,,🚨🚘 La DGT ha hecho un movimiento inesperado en el proceso de obligatoriedad de las balizas V16. El organismo retiró la certificación oficial a 4 modelos que ya se comercializaban en España,balizas v16,Castellano,BlueSky,-1,"DGT, balizas V16, certificación oficial",,,,,
1EDD4ED0F2CC4115,,,,Las cuatro balizas V16 a las que la DGT ha retirado la homologación: comprueba si es la tuya dozz.es/mzbbk10,balizas v16,Castellano,BlueSky,1,retirada homologación balizas V16,,,,,
1CFE4245F4998B4E,,,,🚨 Balizas a 12 euros: detectan luces V16 con número de homologación falso,balizas v16,Castellano,BlueSky,-1,false number on V16 homologation plate,,,,,
65A31DE67B01E94F,2025-12-30,,,"Voy a contaros mi descabellada teoría sobre las balizas V16, creo que es un experimento de la UE para saber si funcionan y como se lo toma la gente y dentro de tres o cuatro años sacar la baliza V20 que será mejor y obligarnos a comprarla. Nos han tomado como conejillos de Indias",balizas v16,Castellano,BlueSky,-1,V16 balizas,,,,,
AD396D8914B3AA21,2025-12-30,,,"La Dirección General de Tráfico (DGT) ha retirado la homologación de cuatro modelos de balizas V16, adquiridos por miles de conductores, justo antes de que estos dispositivos sustituyan a los triángulos de emergencia. Aunque pueden seguir utilizándose por ahora, ...
www.jacatimes.es/2025/12/conf...",balizas v16,Castellano,BlueSky,-1,no relacionado,,,,,
6BC62A7A16128921,2025-12-30,,,¿Qué balizas V16 retiró la DGT y no debes comprar?    #DGT #V16 #SeguridadVial #Tráfico #BalizaV16 #V16Conectada #Carretera #DGT30 #Señalización #Coches #30dediciembre #felizmartes #buenosdias   donporque.com/que-balizas-...,balizas v16,Castellano,BlueSky,1,#BalizaV16 #DGT30 #Señalización,,,,,
01617BB9608387EC,2025-12-30,,,"❗️LA DGT RETIRA LA HOMOLOGACIÓN DE CUATRO BALIZAS V16

🚨La DGT ha retirado la homologación a cuatro balizas V-16

➡El motivo de esta retirada es la falta de renovación de las licencias

Consulte los modelos afectados y el resto de información en...👉 ucex.org/la-dgt-retir...",balizas v16,Castellano,BlueSky,-1,retira homologación balizas V-16,,,,,
ADEFE80C83B6C12A,2025-12-30,,,"Creo que no va a quedar más remedio de que, cuando se haga un diseño de un nuevo producto, hacer análisis de los bulos a los que puede dar lugar. Lo de las balizas V16 lo demuestra. 🤓
""Las balizas V16 no te van a tener vigilado: así funciona el nuevo dispositivo de la DGT"" www.rtve.es/n/16826711/",balizas v16,Castellano,BlueSky,1,balizas V16,,,,,
D25E3289BDADD67C,2025-12-30,,,La DGT retira la homologación a cuatro modelos de balizas V16🚨 por motivos administrativos pero los conductores podrán usarlas🚗,balizas v16,Castellano,BlueSky,-1,no relacionado,,,,,
1EDD4ED0F2CC4115,,,,Las cuatro balizas V16 a las que la DGT ha retirado la homologación: comprueba si es la tuya dozz.es/mzbbk3,balizas v16,Castellano,BlueSky,0,no relacionado,,,,,
FAB8245CC31FFCB2,2026-01-02,Mapa en tiempo real de balizas V16 activas en carreteras de España,,Mapa en tiempo real de balizas V16 activas en carreteras de España,balizas v16,Castellano,Reddit,0,balizas V16 activas en carreteras de España,,,,,
9E4DB85C2907EDEE,2025-12-30,,,el meme boomer definitivo es un arbol de Navidad decorado con balizas V16,balizas v16,Castellano,X (Twitter),-1,balizas v16,,,,,
77FD384D61AB5714,2025-12-30,,,"@LMPardoAbogado@karim_raisuni@seguridadyredes@informaticacosl@TheDevilOps@Ivn_unalcoyano#v16Uffff
Nuevo giro de guión con las balizas V16: pueden afectar a los marcapasos y anular a los desfibriladores [CAT] -meneame.net/story/nuevo-giro…",balizas v16,Castellano,X (Twitter),0,v16,,,,,
764BF0EE0C46D227,2025-12-30,,,"podeis seguir poniendo el triangulo vaa... pero primero pagad cabrones:
𝒇𝒊𝒓𝒎𝒂𝒅𝒐: 𝒆𝒍 𝑮𝒐𝒃𝒊𝒆𝒓𝒏𝒐
según estimaciones basadas en precio medio de balizas V16 y el IVA que pagamos por ellas, Hacienda recaudará unos 300M/€ sólo por su venta obligatoria.
negocio redondo.",balizas v16,Castellano,X (Twitter),-1,balizas V16,,,,,
F5B688557430FD25,2025-12-30,,,"Que por las balizas V16 , en un par de años va a ver juicios y algunos presos........lo sabe to kiski#dgt#balizas#V16#estafa",balizas v16,Castellano,X (Twitter),-1,v16 estafa juicios presos,,,,,
6E462131DF5528D1,2025-12-30,,,"Hola@DGTes. Las balizas V16 estan certificadas par ser usadas cerca de un respirador médico? Por ejemplo en el caso que uno de los pasajeros, por una condicion médica, use repirador con ventilación invasiva. Es seguro usarlas cerca?",balizas v16,Castellano,X (Twitter),0,balizas V16,,,,,
1104A14BF5FFB35F,2025-12-30,,,¿Y si todo el mundo activa las balizas V16 mañana justo después de las campanadas?,balizas v16,Castellano,X (Twitter),-1,activar balizas V16,,,,,
4ADD8765A2707D81,2025-12-30,🔴 ÚLTIMA HORA | La DGT da marcha atrás oficialmente y permite el uso de triángulos de emergenciaeldebate.com/motor/20251230/…,,"La única justificación para obligar a usar las balizas V16 era el riesgo de atropello que supone salir del coche a colocar los triángulos.
Si ahora se permite el uso de los triángulos, se cae el argumento de la lucecita.
Sois una panda de inútiles@DGTes.",balizas v16,Castellano,X (Twitter),-1,triángulos de emergencia,,,,,
721CC58BFDC373F0,2025-12-30,,,¿Qué pasará con las balizas V16 que han perdido la homologación de la DGT?libertaddigital.com/libremer…a través de@libre_mercado,balizas v16,Castellano,X (Twitter),-1,balizas perdidas homologación DGT libremer,,,,,
048FF0D523243441,2025-12-30,"Mientras tanto en China 🇨🇳 

🇨🇳El camuflaje más peligroso del mundo: Misiles balísticos intercontinentales camuflados en maquinaria de construcción: así engaña China a los satélites espías.",,Eso son balizas v16,balizas v16,Castellano,X (Twitter),0,balizas v16,,,,,
6324DCC2F991A4B6,2025-12-30,,,"Las balizas V16 ya están en oferta. Que dice el pollito de la DGT que se pueden usar los triángulos sienpre que también pongas la luz. El siguiente aviso de la DGT será algo parecido a: ""lo siento, me he equivocado, no volverá a pasar""",balizas v16,Castellano,X (Twitter),-1,triángulos luz,,,,,
3524EB1EEC276A35,2025-12-30,,,La DGT retira la homologación de cuatro balizas V16 por motivos administrativos >ver.tw/qw1lb2,balizas v16,Castellano,X (Twitter),-1,balizas V16,,,,,
3573AC27D0DA1351,2025-12-30,"🎄 La Navidad española ya no empieza en diciembre, se enciende en noviembre. Y lo hace con más luces, más música, más turistas y más dinero que nunca; pero también con más problemas.

HOY A LAS 01.45H | LA CARRERA POR LA NAVIDAD | En@laSextaTVDisponible en@atresplayer",,¿Para cuándo un Equipo de Investigación sobre el negocio de las balizas V16?,balizas v16,Castellano,X (Twitter),-1,balizas v16,,,,,
0C94C8633A316A28,2025-12-30,,,"Todo lo que tienes que saber sobre las balizas obligatorias geolocalizadas. La@DGTesendurece los requisitos de las balizas V16, retira la homologación a varios modelos y aclara qué dispositivos seguirán siendo válidos cuando su uso sea obligatoriodiaridetarragona.com/espana/…",balizas v16,Castellano,X (Twitter),-1,balizas V16,,,,,
1D642FE003D4BA91,2025-12-30,,,@grokes cierto que la dgt ha dado marcha atrás y ahora ya no serán obligatorias las balizas v16?,balizas v16,Castellano,X (Twitter),-1,balizas v16,,,,,
DAED4C81FB227D60,2025-12-30,,,🚨 La DGT retira la homologación a cuatro balizas V16 a tres días de su obligatoriedad: comprueba si la tuya está afectada.talent24h.okdiario.com/la-dg…,balizas v16,Castellano,X (Twitter),-1,no relacionado,,,,,
30B86C7DB86BA174,2025-12-30,🔴 ÚLTIMA HORA | La DGT da marcha atrás oficialmente y permite el uso de triángulos de emergenciaeldebate.com/motor/20251230/…,,¿Entonces para qué coño hacían falta las balizas#V16?,balizas v16,Castellano,X (Twitter),-1,balizas v16,,,,,
7CA69175A23B610C,2025-12-30,,,"España alcanza los 17 millones de líneas IoT gracias al impulso de las balizas V16,…#balizasv16sonbuenasnoticias.com/2025/1…",balizas v16,Castellano,X (Twitter),1,balizas v16 son buenas noticias,,,,,
12D828A031245923,2025-12-30,,,El Ayuntamiento reserva 1.300 euros para comprar 37 balizas V16 para vehículos municipalesvocesdecuenca.com/cuenca/el-…,balizas v16,Castellano,X (Twitter),-1,balizas V16,,,,,
B521CDA5227D1D45,2025-12-30,,,Las balizas V16 están de oferta en el Mercadona.,balizas v16,Castellano,X (Twitter),0,no relacionado,,,,,
08867E7617134897,2025-12-30,,,Aquí me tenéis...esperando que la UCO entre en la DGT para el caso de las pvtas balizas V16.,balizas v16,Castellano,X (Twitter),-1,balizas v16,,,,,
831D74F0DD76C43B,2025-12-30,,,La DGT retira la homologación a cuatro modelos de balizas V16 por motivos administrativos pero los conductores podrán usarlasfacua.org/noticias/la-dgt-re…,balizas v16,Castellano,X (Twitter),-1,no relacionado,,,,,
191250FDFD863F84,2025-12-30,,,"El corte inglés agotadas las balizas V16 🚨🤦🏽‍♂️ 
Ahora colas para comprarlas y la gente cagandose en el gobierno..",balizas v16,Castellano,X (Twitter),-1,balizas V16,,,,,
8EF41C50944B08C6,2025-12-30,"🔴La auditoría de los pagos del PSOE descarta la financiación irregular, pero cuestiona gastos reembolsados a Ábalossocial.elpais.com/8gtoa2",,Ese informe vale lo mismo que las balizas V16,balizas v16,Castellano,X (Twitter),-1,balizas v16,,,,,
4F27B786B31BBEB9,2025-12-30,"Trànsit podrà multar a partir de dijous els vehicles que no tinguin la balisa V-16, el dispositiu que substitueix els triangles per senyalitzar avaries o accidents.

La DGT ha rebutjat una moratòria en les sancions3cat.cat/3catinfo/no-hi-haur…3cat.cat/3catinfo/no-hi-haur…",,"No se entiende tanta prisa con lo de las balizas V16..... Es forzado, sospechoso y da la sensación que solo buscan recaudar.  Es una medida que además pone en peligro a los conductores solo para que ellos tengan estadísticas...@DGTes@interiorgob",balizas v16,Castellano,X (Twitter),-1,no relacionado,,,,,
F1A99B4B0E23D237,2025-12-30,,,‼️ La DGT retira cuatro modelos de balizas V16 a días de su uso obligatorio#TeLoExplicocanalextremadura.es/noticias…,balizas v16,Castellano,X (Twitter),0,no relacionado,,,,,
BB34D20AC0FE4D67,2025-12-30,,,Dos balizas V16 con más de 100 candelas para tener una mejor visibilidad si tenemos una emergencia con el cochexataka.com/seleccion/dos-bal…,balizas v16,Castellano,X (Twitter),-1,balizas v16 emergencia cochexataka.com/seleccion/dos-bal,,,,,
2DB969F4D8CD9B47,2025-12-30,,,"La obligatoriedad de las balizas V16, mire esta selección y elija la suya:oportuno.online/la-obligator…",balizas v16,Castellano,X (Twitter),-1,obligatoriedad balizas V16,,,,,
02C47BA8F2DCF2A3,2025-12-30,,,"Vamos a ver, la@DGTesme proporciona una lista de balizas V16 todas ellas certificadas, pero a la vez me dice que no me guíe por el precio, que lo barato puede salir caro. Entonces, ¿la DGT certifica productos que pueden «salirnos caros»? ¿oiremos cómo se atribuye la causa de algún accidente a una baliza barata?
Puede entenderse que un producto concreto proporcione prestaciones más allá de lo mínimamente exigible, pero avisar de que lo barato puede salir caro es asegurarnos que se certifican productos funcionalmente cuestionables.",balizas v16,Castellano,X (Twitter),-1,balizas V16 precio,,,,,
FC76A1B386A3FC14,2025-12-30,,,"💬 ""Las balizas V16 homologadas por la DGT pueden estar en la lista y dejar de estarlo, hay una verificación periódica, viene a ser como la ITV""

🎧 Juan Baño, jefe de Interior de COPE, advierte en@latardecopeque el listado de dispositivos es dinámicover.cope.es/w0omm2",balizas v16,Castellano,X (Twitter),-1,balizas V16,,,,,
3B397BC78E8BA08A,2025-12-30,,,"💬 ""Las balizas V16 homologadas por la DGT pueden estar en la lista y dejar de estarlo, hay una verificación periódica, viene a ser como la ITV""

🎧 Juan Baño, jefe de Interior de COPE, advierte en@latardecopeque el listado de dispositivos es dinámicover.cope.es/w0omm12",balizas v16,Castellano,X (Twitter),-1,verificación de dispositivos V16,,,,,
4DA15B019B0ED923,2025-12-30,,,"💬 ""Las balizas V16 homologadas por la DGT pueden estar en la lista y dejar de estarlo, hay una verificación periódica, viene a ser como la ITV""

🎧 Juan Baño, jefe de Interior de COPE, advierte en@latardecopeque el listado de dispositivos es dinámicover.cope.es/w0omm16",balizas v16,Castellano,X (Twitter),-1,balizas V16,,,,,
3E3D50C95A44F168,2025-12-31,,,@grokhazme una imagen de un árbol de navidad lleno de balizas v16 encendidas,balizas v16,Castellano,X (Twitter),-1,balizas v16,,,,,
D6080704BB01A9C0,2025-12-31,,,"Es el momento, todos a probar si nuestras balizas V16 funcionan, venga, activarlas jajajajajaja",balizas v16,Castellano,X (Twitter),1,balizas V16,,,,,
A8E9487ED91DB33B,2025-12-31,,,Estas son las balizas V16 que retira la DGT. ¿Qué hacer si tienes una de ellas?ift.tt/4luCtSz,balizas v16,Castellano,X (Twitter),0,no relacionado,,,,,
087E0D329ABBF0CD,2025-12-31,,,"Propongo un truco para celebrar el año. 

Encendamos todos nuestras balizas V16 a la vez.",balizas v16,Castellano,X (Twitter),-1,balizas v16,,,,,
6F738B338E85537B,2025-12-31,,,La DGT da marcha atrás y retira la homologación a 4 balizas V16 | El Correoshare.google/O3qCE9e3CbZOioH…,balizas v16,Castellano,X (Twitter),-1,no relacionado,,,,,
29CDBEF6DB324091,2025-12-31,"‼️🇪🇸 | La baliza V16 puede afectar marcapasos, anular desfibriladores y quedarse sin batería en 30 minutos.",,"Sí, según manuales de balizas V16 como LED ONE, advierten no acercarlas a marcapasos por su base magnética, que puede alterar su funcionamiento. Similar para desfibriladores. La batería garantiza al menos 30 min de uso continuo al activarse, pero dura 18 meses o más en reposo (fuentes: DGT y fabricantes).",balizas v16,Castellano,X (Twitter),-1,balizas V16,,,,,
E9142AAB5D6E7F31,2025-12-31,,,Mi abuela nos acaba de regalar dos balizas v16,balizas v16,Castellano,X (Twitter),0,balizas v16,,,,,
6826DD7583EC9DBF,2025-12-31,,,"Según adelanta@motorpasion, la@DGTesse habría retractado y no hará obligatorias las balizas V16, tal y como pedíamos desde esta asociación, al crear una asimetría innecesaria con Portugal.

Nuestra petición, junto con vuestro apoyo, seguro que ha contribuido a esto.

Seguiremos mirando noticias para confirmar esta decisión. 

Link noticia:motorpasion.com/seguridad/dg…",balizas v16,Castellano,X (Twitter),0,balizas V16 retractadas,,,,,
E47F849CB3EAFC87,2025-12-31,,,Cuidado con las balizas V16 de Carrefour que no están homologadas por la DGT#dgt#V16Conectada,balizas v16,Castellano,X (Twitter),-1,no relacionado,,,,,
F45117DC821860A0,2025-12-31,,,Este fin de año deberíamos cambiar los fuegos artificiales por las balizas V16.,balizas v16,Castellano,X (Twitter),0,balizas v16,,,,,
C7556CBF1CF29D2D,2025-12-31,,,"Ahí va mi apuesta:

El primer anuncio de 2026 será de una empresas de balizas V16",balizas v16,Castellano,X (Twitter),1,V16 balizas,,,,,
5F29F2B60B4F6F84,2025-12-31,,,"🛒📊 La baliza V16 arrasa en Amazon

El ranking anual de Amazon en la categoría Bazar deja una conclusión evidente: cuando un producto es obligatorio, funcional y fácil de usar, el éxito comercial es casi inmediato. El mejor ejemplo en 2025 han sido las balizas V16, llamadas a sustituir definitivamente a los triángulos de emergencia, y que se han convertido en el gran fenómeno de ventas del año.",balizas v16,Castellano,X (Twitter),1,balizas V16,,,,,
1E5F89392BDA1D17,2025-12-31,,,Balizas V16: un instructor de bomberos alerta de los riesgos reales y pide no tirar los triángulos de emergenciaeleconomista.es/motor/notici…,balizas v16,Castellano,X (Twitter),-1,no relacionado,,,,,
CDA289C8811D6C80,2025-12-31,,,"Hola compañeros, al amigo Ángel Gaitán le ha salido competencia para la venta de balizas V16.
Telefónica nos dice que la suya se ve a un kilómetro de distancia en 360°.
Lo bueno es que este fraude de las balizas ya lo hemos detectado por anticipado.
🤡🤡🤡",balizas v16,Castellano,X (Twitter),-1,fraude balizas V16,,,,,
FC8D80FE80FE8506,2025-12-31,,,Balizas V16 y sentido comúndiariodenavarra.es/contenido…,balizas v16,Castellano,X (Twitter),0,no relacionado,,,,,
762D44F38D77D9D5,2025-12-31,,,"Aquí, preparado para recibir esta noche a mi cuñado diciendo que ha pillado una oferta de las balizas V16 y después terminar a la 1:00 de la mañana metido en el sobre durmiendo como un tronco.",balizas v16,Castellano,X (Twitter),-1,balizas V16,,,,,
6DEDEB66E583471B,2025-12-31,,,"Un futurólogo en telecinco,, queréis predicción? Nos van a meter a 80 millones de moronegros, nos van a violar a todos, no vamos a tener ni donde vivir, nos van a meter las balizas v16 por el culo y nos van a volver a violar",balizas v16,Castellano,X (Twitter),-1,balizas v16,,,,,
406EA3936AB09A76,2025-12-31,,,La DGT cambia de opinión unas horas antes de obligarnos a utilizar las balizas V16 conectadas: no te multará si sigues usando los triángulosmotorpasion.com/seguridad/dg…#EpicFail#TontosSinFronteras#ElFuturoEraEsto#PaisDePandereta,balizas v16,Castellano,X (Twitter),-1,balizas V16 conectadas,,,,,
68CB02DDD762EDAE,2025-12-31,,,Soy el que vende queso fresco de cabra como balizas v16.,balizas v16,Castellano,X (Twitter),-1,v16 balizas,,,,,
C6934162FB328C81,2025-12-31,,,"Si todavía no habéis comprado las balizas V16 hogomoladas, aún estáis a tiempo.
Mercadona ha lanzado una oferta brutal.
A 2'80€!!!!!! Hasta fin de existencias😉
Síganme para más consejos 🤭😂",balizas v16,Castellano,X (Twitter),1,V16 Hogomoladas,,,,,
7A641E8EDC7B8657,2025-12-31,"🔴 ÚLTIMA HORA

Ya es OFICIAL la reforma impulsada por VOX que ELIMINA el lenguaje inclusivo y SUPRIME las comisiones LGTBI en las Cortes Valencianas.

¡Menos gasto político y superfluo gracias a VOX! 💪🏻🇪🇸",,"Eso esta muy bien y esroy de acuerdo , pero porq apoyan el tema de las balizas V16 cuando saben bien q eso es para q la DGT siga robandole a los españoles. Revisen eso por favor",balizas v16,Castellano,X (Twitter),-1,balizas V16,,,,,
137E73269E8D541A,2025-12-31,,,"Hoy a las 23:59… todas las balizas V16 encendidas 🚨😏
No hay cojones.#Feliz2026#PrimerReto2026",balizas v16,Castellano,X (Twitter),-1,V16 balizas encendidas,,,,,
9E4DB85C2907EDEE,2025-12-31,,,"se comenta que este año en vez de fuegos artificiales para dar la bienvenida al año, el carapolla ha organizado un juego de luces usando únicamente las balizas V16 de Ángel Gaitán

me dicen que va a ser espectacular",balizas v16,Castellano,X (Twitter),0,balizas V16,,,,,
F0104EFB01EB48F9,2025-12-31,,,La DGT cambia de opinión unas horas antes de obligarnos a utilizar las balizas V16 conectadas: no te multará si sigues usando los triángulosmotorpasion.com/p/332864,balizas v16,Castellano,X (Twitter),-1,balizas V16 conectadas,,,,,
18DE78C9DA60E530,2025-12-31,,,El año 2026 se estrena con las balizas V16 de la DGTinterbenavente.es/art/64823/…,balizas v16,Castellano,X (Twitter),0,no relacionado,,,,,
40DF22F7858058CC,2025-12-31,"¿Vosotros sabéis que hasta que no se chapen este tipo de panfletos no vamos a cambiar nada, no?",,Igual que motor16 con la prohibición de las balizas v16,balizas v16,Castellano,X (Twitter),-1,balizas v16,,,,,
3BC2526150635C0D,2025-12-31,,,Esperando a que@KettyGaratdestape el caso balizas v16,balizas v16,Castellano,X (Twitter),-1,balizas v16,,,,,
C486C746C9B63F89,2025-12-31,,,Guerra de precios de las balizas V16 en vísperas de su obligatoriedadelpais.com/economia/2025-12-…,balizas v16,Castellano,X (Twitter),-1,balizas v16,,,,,
25A3721A45EA9B29,2025-12-31,,,"Un guardia civil reprende a Miguel Lago por una broma en Antena 3: ""Frivolizar con estas cosas deja mucho que desear""

👉eldiario.es/vertele/1_c48327El humorista hizo un comentario sobre las balizas V16 que no gustó nada al experto consultado por el programa",balizas v16,Castellano,X (Twitter),-1,balizas v16,,,,,
4F27B786B31BBEB9,2025-12-31,"Vamos a ver, la@DGTesme proporciona una lista de balizas V16 todas ellas certificadas, pero a la vez me dice que no me guíe por el precio, que lo barato puede salir caro. Entonces, ¿la DGT certifica productos que pueden «salirnos caros»? ¿oiremos cómo se atribuye la causa de algún accidente a una baliza barata?
Puede entenderse que un producto concreto proporcione prestaciones más allá de lo mínimamente exigible, pero avisar de que lo barato puede salir caro es asegurarnos que se certifican productos funcionalmente cuestionables.",,"Hace años que se venden balizas V16 de primeras marcas (Osram, por ejemplo, aunque hayan subido el precio casualmente) por menos de 20€ y que dan más luz.  ....  Lo que está haciendo la DGT con estas balizas es apresurado, sospechoso y peligroso para los conductores.",balizas v16,Castellano,X (Twitter),-1,balizas V16 precio barato,,,,,
988C96732F5F6900,2025-12-31,"Dato para lerdos de derechas, valga la redundancia.
Financiación ilegal no es que un jeta pase un menú infantil para que el partido se lo pague (Abalos)
Financiación ilegal es que empresarios lleven dinero al partido para agradecer contratos y favores (Gurtel)
¿Entendéis?",,Como con las balizas v16,balizas v16,Castellano,X (Twitter),-1,financiación ilegal,,,,,
F166BD8BEB23085E,2026-01-01,"Són mentiders de mena.
Si la balisa V-16 encara no ha entrat en vigor, com pot haver-hi països fent seguiment?
Intenten justificar allò que és injustificable",,"M'imagino una reunió de socialistes d'aquí 20 anys, dient:
- Os acordais cuando les vendiamos las mascarillas a 8€? Jajaja!
- Y cuando les colamos las balizas V16, qué? Unos borregos todos... Jajaja! 
- Con que mierda les vamos a estafar ahora? Les cobramos x respirar?
-Eso!",balizas v16,Castellano,X (Twitter),-1,balizas V-16,,,,,
B24B85EB5498248A,2026-01-01,,,"Las balizas V16, obligatorias desde este 1 de enero, deben ser geolocalizables via:@65ymuchomas65ymas.com/motor/movilidad/b…Deben ser certificadas por IDIADA o LCOE.",balizas v16,Castellano,X (Twitter),0,balizas V16 geolocalizables IDIADA LCOE,,,,,
82A06E0A2DF30D6B,2026-01-01,"‼️TREMENDO esto que cuenta el creador de la Baliza V16 en el podcast de Jose Elías.

""Nosotros tuvimos la oportunidad, nos vino el gobierno a ofrecernos la posibilidad de acelerar el proceso a cambio de MORDIDAS, evidentemente.""

ESTO HAY QUE VERLO, PRÓXIMO CASO BALIZAS👇🔥🔁",,🔴 El gobierno de Sánchez quiso acelerar la imposición de las balizas V16 a cambio de mordidas.,balizas v16,Castellano,X (Twitter),-1,"mordidas, balizas V16, gobierno Sánchez",,,,,
EC80EF4DBD6E2AB9,2026-01-01,"mapabalizasv16.es/#mapaTanto hablar de la#baliza#V16. 

Aquí tienes la web donde ver el#mapaen tiempo real de las balizas V-16 activas en#España. Ubicación exacta, navegación directa con Google Maps, Apple Maps o Waze.",,"esto del mapa de las balizas v16 es perfecto para 2 cosas:

1) tener a todo dios controlado
2) saber donde hay un accidente o coche averiado (y como buenos españoles, saber donde hay 3h de peña mirando el accidente)",balizas v16,Castellano,X (Twitter),-1,balizas v16 mapa,,,,,
25A3721A45EA9B29,2026-01-01,,,"Un guardia civil reprende a Miguel Lago por una broma en Antena 3: ""Frivolizar con estas cosas deja mucho que desear""

👉eldiario.es/vertele/1_c48327El humorista hizo un comentario sobre las balizas V16 que no gustó nada al experto consultado por el programa",balizas v16,Castellano,X (Twitter),-1,balizas v16,,,,,
1CEB70BD417B2C82,2026-01-01,"A los antivacunas
A los que niegan el cambio climático
A los que niegan la violencia machista
A los que asocian inmigración y delincuencia
A los que dicen que con Franco se vivía mejor
A los que niegan el genocidio en Gaza
Os toca aguantar otro año más de Gobierno progresista",,Se lo preguntaremos al comité de expertos de la pandemia... o a los q compraban las mascarillas o a los q se estan llevando cruda la pasta de las balizas v16 de los coches.... vamos q psoe en estado puro,balizas v16,Castellano,X (Twitter),-1,no relacionado,,,,,
031AB12C9A30156A,2026-01-01,,,Verifica RTVE señala los bulos sobre la balizas V16rtve.es/noticias/20260101/ve…,balizas v16,Castellano,X (Twitter),-1,verifica rtve señala los bulos sobre la balizas v16,,,,,
CA7D9E94FF7E99D4,2026-01-01,"Desde hoy, 1 de enero de 2026, es obligatorio llevar la baliza V16 homologada como señalización de emergencia.

📍 Más seguridad y sin necesidad de bajar del vehículo.#SeguridadVial#V16",,"Me huele esto a chanchullo del PSOE como lo de las mascarillas, ahora con las balizas V16, la policía al servicio de la mafia 🫡",balizas v16,Castellano,X (Twitter),-1,V16 balizas seguridad,,,,,
0637F72DFE5F83EB,2026-01-01,,,🚨 INESPERADO GIRO DE ULTIMA HORA (31/12/2025) CON LAS BALIZAS V16 DE 202...youtu.be/O2opTV9n9OA?si=ED5J…vía@YouTube,balizas v16,Castellano,X (Twitter),0,no relacionado,,,,,
897801D386958E87,2026-01-01,,,"Nadie se ha parado a pensar la cantidad de pilas que van a contaminar el medio ambiente por culpa de las balizas V16, el gobierno más ecologista de la historia.",balizas v16,Castellano,X (Twitter),0,balizas V16,,,,,
D1ACFACB9F7C876D,2026-01-01,"¿Esto es verdad? ⤵️

La UE prohíbe el uso de la baliza V16. La DGT tendrá que indemnizar a los conductoresmotor16.com/las-ultimas-noti…a través de@Motor16",,"No. La noticia de Motor16 que afirma que “la UE prohíbe las balizas V16 y obliga a indemnizar a los conductores” es falsa.
Según verificación por medios de fact-checking y fuentes oficiales, no existe ninguna directiva ni norma de la Unión Europea que haya prohibido la baliza",balizas v16,Castellano,X (Twitter),-1,balizas V16,,,,,
176DC65C3C0ECB0A,2026-01-01,,,"Entra en vigor el uso de las balizas, obligación de uso  solo en España, Europa sigue con los triangulos.
💸💸💸
Jorge Costas denuncia que el Gobierno pidió mordidas por impulsar las balizas V16.
Otro cuento, antes mascarillas, ahora balizas V16esdiario.com/nacional/260101…",balizas v16,Castellano,X (Twitter),-1,balizas V16,,,,,
23EE4F3649E64F72,2026-01-01,,,"Bueno, pues a ver cómo empezamos el año de muertos y heridos por averías y las balizas#V16.",balizas v16,Castellano,X (Twitter),-1,balizas v16,,,,,
56D7492382C8139D,2026-01-01,,,"Las balizas V16 no te van a tener vigilado: así funciona el nuevo dispositivo de la DGT

Lo cuentan en#VerificaRTVE🖊@MJArtuch/ Mario Pérezrtve.es/noticias/20251121/ba…",balizas v16,Castellano,X (Twitter),-1,no relacionado,,,,,
C62609BF6B77086C,2026-01-01,,,Jorge Costas denuncia que el Gobierno pidió mordidas por impulsar las balizas V16dozz.es/ub1vz1,balizas v16,Castellano,X (Twitter),-1,balizas V16,,,,,
C7556CBF1CF29D2D,2026-01-01,"Pere Navarro pasará a la historia como un idiota más dentro del libro de Idiota de España...

La recogida de cable a falta de un día en algo tan importante como la seguridad vial demuestra que este señor no solo no debería ostentar este cargo, sino que es un peligro público",,"Claro, entonces si me dice que lo único obligatorio son las balizas V16 pero no aclara todo lo demás significa que puedo poner un elefante con un chaleco reflectante a 100 metros de mi coche para que lo vean...como no está prohibido...",balizas v16,Castellano,X (Twitter),-1,no relacionado,,,,,
4BFED662D58A17F5,2026-01-01,,,🚨 INESPERADO GIRO DE ULTIMA HORA (31/12/2025) CON LAS BALIZAS V16 DE 202...youtu.be/O2opTV9n9OA?si=pEF9…vía@YouTube,balizas v16,Castellano,X (Twitter),0,no relacionado,,,,,
B2AD5D583F0400AD,2026-01-01,El Constitucional afronta un año clave con la renovación de su presidencia atascada por un nuevo bloqueo del PPeldiario.es/politica/constit…,,🤬🤬PREG. PUMPIDO.BALIZAS V16 HOMOLOGADAS A +50 Y -10 GRADOS.PODEMOS CIRCULAR POR PAISES FIRM. CONVENIO DE VIENA🤬MALO ENTRE ESOS PAISES ALGUNO SU MAX. NO LLEGA A -10 APARTE DE LUGARES EN ESPAÑA 🤬 SI NO FUNCIONAN Y PASA ALGO ACUDIMOS A TI PUMPIDO🖕🖕🖕🖕🖕🖕🖕🖕🖕🖕🖕🖕🖕🖕🖕,balizas v16,Castellano,X (Twitter),-1,balizas v16,,,,,
AE80082D92EBA83E,2026-01-01,,,Verifica RTVE desmonta algunos de los bulos más comunes de las balizas V16rtve.es/noticias/20260101/ve…スペインでは今月から故障して路上に車を駐める際、V16ビーコン装置の設置義務付け。EU初。三角表示板設置で路上に出るリスクを勘案した。不携帯罰金€3万とのデマが飛んでいるが実際は€80,balizas v16,Castellano,X (Twitter),-1,V16 balizas desmontadas,,,,,
668EDB32B2EE8A52,2026-01-01,,,"eldebate.com/motor/20260101/…¿Ya no ha riesgo de atropello? Ante esto, las balizas V16 pierden su función principal, pues los conductores pueden de decidir si quieren poner o no los triángulos para señalizar una emergencia, siempre que hagan uso de la baliza V16",balizas v16,Castellano,X (Twitter),-1,balizas v16,,,,,
29CDBEF6DB324091,2026-01-01,"🚨 La nueva baliza V16 obligatoria no funciona sin pilas: las claves para su correcto uso y mantenimiento

🔋 A partir del 1 de enero de 2026, este dispositivo sustituirá a los triángulos, pero su eficacia depende de un correcto mantenimiento de la bateríaver.cope.es/7w5jn14",,"Según la Instrucción 2025/10 de la DGT, las balizas V16 no conectadas no están permitidas a partir del 1 de enero de 2026 (multa de 80€). Solo las conectadas son obligatorias. No se prohíbe explícitamente usar más de una conectada, pero la normativa no lo menciona. Los triángulos sí se pueden usar como complemento para mayor visibilidad.",balizas v16,Castellano,X (Twitter),-1,no relacionado,,,,,
7BA05E9113B6D7C1,2026-01-01,"Anda, que no hacía falta, uno como este. Se le caía la clase a borbotones.",,Ahora tenemos balizas V16,balizas v16,Castellano,X (Twitter),1,balizas v16,,,,,
7CFC3B0B409728C9,2026-01-01,"#Lomásviralde 2025.

🚨 La V16 conectada, obligatoria desde hoy, genera preguntas y opiniones.

Pero no es un capricho: salva vidas al hacerte visible sin bajar del coche y avisar a otros conductores y a@DGTes.

🔦 Más visibilidad. Más seguridad. Menos riesgo.",,"No es un capricho, es una estafa.
Próximamente caso balizas v16 en sus mejores juzgados.",balizas v16,Castellano,X (Twitter),-1,no relacionado,,,,,
E9A33C5EE71BF34A,2026-01-01,,,el tema de conversación de la merienda de la familia del 1 de enero son las balizas v16,balizas v16,Castellano,X (Twitter),0,balizas v16,,,,,
29CDBEF6DB324091,2026-01-01,@grokesto es cierto?,,"Según informes de medios como Vozpópuli, El Mundo, ABC y El País, Leire Díez firmó en 2023 un contrato para vender balizas V16 en Correos, cuando Juan Manuel Serrano (amigo de Pedro Sánchez) era presidente. Hay una investigación en curso por presuntas irregularidades, con detenciones recientes. No hay sentencia firme aún.",balizas v16,Castellano,X (Twitter),0,no relacionado,,,,,
08D5F531AB22600B,2026-01-01,,,🚨 INESPERADO GIRO DE ULTIMA HORA (31/12/2025) CON LAS BALIZAS V16 DE 202...youtu.be/O2opTV9n9OA?si=q4vg…via@YouTube,balizas v16,Castellano,X (Twitter),0,no relacionado,,,,,
E1D971DF976FCFCD,2026-01-01,,,Las balizas V16 son una herramienta para medir la temperatura social. Si obedecemos una medida tan absurda vamos a obedecer una medida seria sin cuestionarla.,balizas v16,Castellano,X (Twitter),-1,absurda medidas,,,,,
A641F8E9C0869D8E,2026-01-01,,,"FACUA alerta de las balizas V16 “fake”: “si no están en la lista de la DGT, puedes reclamar el dinero”madridinforma.eldiario.es/fa…",balizas v16,Castellano,X (Twitter),-1,fake alertas balizas V16,,,,,
56D7492382C8139D,2026-01-01,,,Verifica RTVE desmonta algunos de los bulos más comunes de las balizas V16rtve.es/noticias/20260101/ve…,balizas v16,Castellano,X (Twitter),-1,balizas V16,,,,,
29CDBEF6DB324091,2026-01-02,"OJO, lo que le faltaba a la balicita.

El nuevo peligro de la baliza V16: “Cambia la programación del marcapasos y la pone a 60 pulsaciones por minuto”larazon.es/sociedad/nuevo-pe…@larazon_es",,"La interferencia con marcapasos requiere un campo magnético de al menos 10 Gauss, lo que activa el ""modo imán"" a 60-100 lpm. Los imanes de neodimio en balizas V16 suelen ser discos de 2-5 cm de diámetro y 1-2 cm de grosor, con fuerza de sujeción de varios kg, suficientes para afectar si están a menos de 15 cm del implante. El tamaño exacto varía por fabricante, y las instrucciones advierten mantener distancia.",balizas v16,Castellano,X (Twitter),-1,balizas V16,,,,,
C6A60CBD86E33FFF,2026-01-02,"Mapa de las balizas activas, si yo, que soy una mindundi, accedo al mapa ¿Quién garantiza que los malos no acceden y te asaltan?mapabalizasv16.es/#mapa",,¿No tienes regalo de reyes para tu cuñado? Aquí tienes un mapa con balizas V16 ¡GRATIS! 👇🏼,balizas v16,Castellano,X (Twitter),0,no relacionado,,,,,
659A8F4D229E641B,2026-01-02,,,"Una cosa ten segura. En cuanto pongas la baliza te van a caer encima todas las grúas de la zona. Y si es carretera apartada, los chorizos también.

Mapa en tiempo real de balizas V16 activas en carreteras de Españashare.google/JxPTQU9Ucm1vhrV…",balizas v16,Castellano,X (Twitter),1,balizas V16,,,,,
29CDBEF6DB324091,2026-01-02,"🚨 No están preparadas para la lluvia y se quedan sin pila rápidamente

Los dos problemas de la V16 que oculta la DGT
 ✍️@IvanMingoPeldbt.com/38s0o2",,"Sí, existen balizas V16 homologadas por la DGT con IP66 o superior, como el modelo Drivelit Safe IoT, que ofrece mayor resistencia al agua y polvo que el mínimo IP54 requerido. Puedes verificar en sitios como Lubrivalle o la lista oficial de la DGT.",balizas v16,Castellano,X (Twitter),-1,no relacionado,,,,,
0AB11482565EF794,2026-01-02,,,"Me acabo de enterar que existe un mapa para ver las balizas v16 activas en España.

👇mapabalizasv16.es",balizas v16,Castellano,X (Twitter),-1,balizas v16 mapa activas España,,,,,
C48417E1DC71DC10,2026-01-02,"En España, hemos empezado muy bien el año 2026...",,Mapa en tiempo real de balizas V16 activas en carreteras de Españashare.google/7vdDRmy68z6JNk1…,balizas v16,Castellano,X (Twitter),-1,balizas V16 activas en carreteras de España,,,,,
1589CD4B4E21D749,2026-01-02,,,"Esto del mapa de balizas es muy loco. 
¿Estamos controlados? ¿Se vulnera nuestro derecho a nuestra privacidad? 
Para curios@s, ya podéis ver las balizas V16 de España.",balizas v16,Castellano,X (Twitter),-1,balizas v16,,,,,
08FEC9DC15AB6EB8,2026-01-02,"‼️Edi Díaz, el BOMBERO viral que denunció la ESTAFA de la Baliza V16, contesta al creador del TIMO de la Baliza.

""Le recuerdo al ""inventor"" que todos los coches llevan de serie un botón con
Un llamado LUZ DE EMERGENCIA que se ve por los 4 costados muchísimo más que esa baliza.""",,"Eso es diferente a tus respuestas anteriores. Son confusas a alineadas con la campaña orquestada contra las balizas V16.
Y en todos los casos se obvia la principal ventaja de estas bal8zas, la notificación a la DGT del incidente en tiempo real lo que permite el envío de ayuda",balizas v16,Castellano,X (Twitter),-1,no relacionado,,,,,
92354F37A338F4EA,2026-01-02,Para pensarse si encenderla o no. Yo lo tengo claro mientras mi seguridad dependa de estos no la encenderé.,,"A ver@Angel_gaitan_of, sé coherente.
Tú has vendido balizas V16. 
¿Ahora te sumas a la insumión?.
Para eso no haberlas vendido (54,95€).
Yo la tengo, con la pegatina del guante verde. Espero no tener que usarla, pero en caso de accidente o avería, la encenderé.",balizas v16,Castellano,X (Twitter),-1,balizas V16,,,,,
B6C210935E3BA1D9,2026-01-02,,,🚗 ¿Sabías que puedes ver todas las balizas V16 activas en España en tiempo real?,balizas v16,Castellano,X (Twitter),0,balizas v16,,,,,
0994C968E69D2727,2026-01-02,Para pensarse si encenderla o no. Yo lo tengo claro mientras mi seguridad dependa de estos no la encenderé.,,La REBELIÓN de las BALIZAS V16#españa#critica#humor#baliza#dgt#car...youtube.com/shorts/rKnPTs30Z…a través de@YouTube,balizas v16,Castellano,X (Twitter),1,balizas v16,,,,,
E9C0ADE4098CEA1E,2026-01-02,,,Para el que quiera ver las balizas v16 mejor... Y anticiparse con mayor seguridad os traigo esto:mapabalizasv16.es(Mapa en tiempo real),balizas v16,Castellano,X (Twitter),0,no relacionado,,,,,
D31880F5818C7279,2026-01-02,,,Mapa de balizas V16 en tiempo real en España.mapabalizasv16.es/#mapa,balizas v16,Castellano,X (Twitter),-1,balizas v16,,,,,
D865B7E680D6D553,2026-01-02,,,"Al nieto más trasto que tengo, los reyes, en vez de traerle carbón, les he pedido que le dejen un furby con dos balizas v16",balizas v16,Castellano,X (Twitter),-1,balizas v16,,,,,
1F6CA07E055C93A0,2026-01-02,,,"La DGT aclara un bulo que todavía recorre las redes sociales sobre las balizas V16, la privacidad y los fraudesadvancedfleetmanagementconsu…",balizas v16,Castellano,X (Twitter),-1,balizas V16,,,,,
08FEC9DC15AB6EB8,2026-01-02,"‼️Edi Díaz, el BOMBERO viral que denunció la ESTAFA de la Baliza V16, contesta al creador del TIMO de la Baliza.

""Le recuerdo al ""inventor"" que todos los coches llevan de serie un botón con
Un llamado LUZ DE EMERGENCIA que se ve por los 4 costados muchísimo más que esa baliza.""",,¿En que te basas para decir que el margen es mayor que con las balizas V16?,balizas v16,Castellano,X (Twitter),-1,no relacionado,,,,,
BC9F591F1E5CEF10,2026-01-18,Robos masivos de balizas V16 en España,"🚨 Alerta con las balizas V16

El robo de balizas V16 se ha disparado y muchas acaban revendidas en el mercado negro.

⚠️ El problema no es solo el robo
⚠️ Es que una baliza puede estar asociada a otro vehículo
⚠️ Y enviar datos incorrectos a Tráfico

📌 Consejo clave:
Compra siempre la baliza en tiendas oficiales y evita segunda mano.

La seguridad vial no es un producto cualquiera.

#BalizaV16
#DGT
#SeguridadVial
#Coches
#Tráfico
#España
#Tecnología
#Alerta",A MI NO ME LA ROBAN.... No La COMPRÉ...JEJEJE😂😂😂,balizas v16,Castellano,Youtube,-1,balizas-v16-robo,,,,,
52AF2A4E9EABDDAF,2026-01-18,Lo que no sabías de las balizas V16... 😱 ¡Están volando de los coches! 🛠️ #shorts #dgt #seguridad,,La que está liando en gilipollas del Navarro.,balizas v16,Castellano,Youtube,1,balizas v16,,,,,
1DF254DEDF82959D,2026-01-18,Lo que no sabías de las balizas V16... 😱 ¡Están volando de los coches! 🛠️ #shorts #dgt #seguridad,,Los amegos de los segarros,balizas v16,Castellano,Youtube,1,balizas v16,,,,,
B183B24C355B54E3,2026-01-18,Lo que no sabías de las balizas V16... 😱 ¡Están volando de los coches! 🛠️ #shorts #dgt #seguridad,,A mí me la robaron,balizas v16,Castellano,Youtube,0,no relacionado,,,,,
3ADBF0AF4BBFAA00,2026-01-17,AUMENTAN LOS ROBOS EN COCHES PARA LLEVARSE LAS BALIZAS V16,"Si te ha gustado, dale a Like y Suscríbete

Email de contacto: nikkiux90@gmail.com

#shorts","Me parece una tontería..no me lo creo,que te roben la baliza....",balizas v16,Castellano,Youtube,-1,balizas v16,,,,,
E54073CE0A100249,2026-01-18,#ÚLTIMAHORA Nadie quiere las balizas V16: llevan 53.500 firmas a la DGT contra su uso obligatorio,"Conviértete en miembro de este canal para disfrutar de ventajas y ayudarnos a hacer un periodismo libre. Ahora es más necesario que nunca:
https://www.youtube.com/channel/UCZ1mEo0vfTofrcTjBDaqytw/join

#noticias #españa #política

Infórmate de las últimas noticias de política, economía y corazón de España y del mundo en https://www.esdiario.com/

•Para más contenido, síguenos en:
◆X: https://twitter.com/ESdiario_com
◆FaceBook: https://www.facebook.com/esdiario/
◆Instagram: https://www.instagram.com/esdiariocom/",Solo es para recaudar !!,balizas v16,Castellano,Youtube,1,balizas v16,,,,,
B15B8B6ACBC7C93F,2026-01-18,#ÚLTIMAHORA Nadie quiere las balizas V16: llevan 53.500 firmas a la DGT contra su uso obligatorio,"Conviértete en miembro de este canal para disfrutar de ventajas y ayudarnos a hacer un periodismo libre. Ahora es más necesario que nunca:
https://www.youtube.com/channel/UCZ1mEo0vfTofrcTjBDaqytw/join

#noticias #españa #política

Infórmate de las últimas noticias de política, economía y corazón de España y del mundo en https://www.esdiario.com/

•Para más contenido, síguenos en:
◆X: https://twitter.com/ESdiario_com
◆FaceBook: https://www.facebook.com/esdiario/
◆Instagram: https://www.instagram.com/esdiariocom/","Solo es una medida inteligente para los que la venden que se están haciendo más ricos, esa luz no sirve para nada, no se ve ni de no he, ya no saben que más inventar para recaudar, nos asfixian por todos los ángulos.",balizas v16,Castellano,Youtube,-1,balizas V16,,,,,
4A83C5549DAEE063,2026-01-18,#ÚLTIMAHORA Nadie quiere las balizas V16: llevan 53.500 firmas a la DGT contra su uso obligatorio,"Conviértete en miembro de este canal para disfrutar de ventajas y ayudarnos a hacer un periodismo libre. Ahora es más necesario que nunca:
https://www.youtube.com/channel/UCZ1mEo0vfTofrcTjBDaqytw/join

#noticias #españa #política

Infórmate de las últimas noticias de política, economía y corazón de España y del mundo en https://www.esdiario.com/

•Para más contenido, síguenos en:
◆X: https://twitter.com/ESdiario_com
◆FaceBook: https://www.facebook.com/esdiario/
◆Instagram: https://www.instagram.com/esdiariocom/","Lo ideal sería que dejarán decidir que poner, cumpliendo la norma, es decir, a todo aquel que decida poner los triángulos y no los ponga a 50 metros hacia atrás en vías rápidas y 50 metro hacia atrás y adelante (en ambos casos 5 metros de margen de menos), que sea fuertemente multado. Se iban a inflar a multas.",balizas v16,Castellano,Youtube,1,no relacionado,,,,,
32AAC3C7113AB1C4,2026-01-18,#ÚLTIMAHORA Nadie quiere las balizas V16: llevan 53.500 firmas a la DGT contra su uso obligatorio,"Conviértete en miembro de este canal para disfrutar de ventajas y ayudarnos a hacer un periodismo libre. Ahora es más necesario que nunca:
https://www.youtube.com/channel/UCZ1mEo0vfTofrcTjBDaqytw/join

#noticias #españa #política

Infórmate de las últimas noticias de política, economía y corazón de España y del mundo en https://www.esdiario.com/

•Para más contenido, síguenos en:
◆X: https://twitter.com/ESdiario_com
◆FaceBook: https://www.facebook.com/esdiario/
◆Instagram: https://www.instagram.com/esdiariocom/","En España 50.000 firmas es como una cifra simbólica que puede servir para que te hagan algo de caso.. ( Varía la cifra si es a nivel estatal o comunitario ) .                                                             Eso no quita que por otro lado se pueda seguir captando firma para llegar a las 500.000 y presentarlas cuando se llegue.
 Mareas Blancas (sanidad pública en Andalucía) — ILP al parlamento andaluz
La plataforma Marea Blanca de Andalucía consiguió más de 50 000 firmas para presentar una Iniciativa Legislativa Popular (ILP) en el Parlamento de Andalucía con el objetivo de mejorar y blindar la sanidad pública frente al deterioro de servicios y la presión hacia la sanidad privada. El uso de este instrumento obliga al Parlamento a debatir la iniciativa formalmente y puede llevar a propuestas legislativas derivadas del texto original.",balizas v16,Castellano,Youtube,0,balizas v16,,,,,
CE9DD78B775C4981,2026-01-18,#ÚLTIMAHORA Nadie quiere las balizas V16: llevan 53.500 firmas a la DGT contra su uso obligatorio,"Conviértete en miembro de este canal para disfrutar de ventajas y ayudarnos a hacer un periodismo libre. Ahora es más necesario que nunca:
https://www.youtube.com/channel/UCZ1mEo0vfTofrcTjBDaqytw/join

#noticias #españa #política

Infórmate de las últimas noticias de política, economía y corazón de España y del mundo en https://www.esdiario.com/

•Para más contenido, síguenos en:
◆X: https://twitter.com/ESdiario_com
◆FaceBook: https://www.facebook.com/esdiario/
◆Instagram: https://www.instagram.com/esdiariocom/","Como vamos a querer algo que es un peligro y encima que te quedes dentro del vehículo ,acaso estamos tontos o nos quieren volver estúpidos  hay va mi firma totalmente en contras llevo dos por evitar la sanción pero no estoy deacuerdo no ha señores que debieran por el bien de todos estar jubilados ya",balizas v16,Castellano,Youtube,-1,balizas v16,,,,,
73F493EFB75A597B,2026-01-18,#ÚLTIMAHORA Nadie quiere las balizas V16: llevan 53.500 firmas a la DGT contra su uso obligatorio,"Conviértete en miembro de este canal para disfrutar de ventajas y ayudarnos a hacer un periodismo libre. Ahora es más necesario que nunca:
https://www.youtube.com/channel/UCZ1mEo0vfTofrcTjBDaqytw/join

#noticias #españa #política

Infórmate de las últimas noticias de política, economía y corazón de España y del mundo en https://www.esdiario.com/

•Para más contenido, síguenos en:
◆X: https://twitter.com/ESdiario_com
◆FaceBook: https://www.facebook.com/esdiario/
◆Instagram: https://www.instagram.com/esdiariocom/",Donde hay que firmar,balizas v16,Castellano,Youtube,1,balizas v16,,,,,
23A138AFD63D3339,2026-01-17,#ÚLTIMAHORA Nadie quiere las balizas V16: llevan 53.500 firmas a la DGT contra su uso obligatorio,"Conviértete en miembro de este canal para disfrutar de ventajas y ayudarnos a hacer un periodismo libre. Ahora es más necesario que nunca:
https://www.youtube.com/channel/UCZ1mEo0vfTofrcTjBDaqytw/join

#noticias #españa #política

Infórmate de las últimas noticias de política, economía y corazón de España y del mundo en https://www.esdiario.com/

•Para más contenido, síguenos en:
◆X: https://twitter.com/ESdiario_com
◆FaceBook: https://www.facebook.com/esdiario/
◆Instagram: https://www.instagram.com/esdiariocom/","Lo que pasa es que no estan en las calles como antes para que la gente vaya firmando en tropecientas mil hojas ,yo por ejm no se hacerlo por aqui ,soy muy negada para esto",balizas v16,Castellano,Youtube,-1,balizas v16,,,,,
4E48028988B39610,2026-01-17,#ÚLTIMAHORA Nadie quiere las balizas V16: llevan 53.500 firmas a la DGT contra su uso obligatorio,"Conviértete en miembro de este canal para disfrutar de ventajas y ayudarnos a hacer un periodismo libre. Ahora es más necesario que nunca:
https://www.youtube.com/channel/UCZ1mEo0vfTofrcTjBDaqytw/join

#noticias #españa #política

Infórmate de las últimas noticias de política, economía y corazón de España y del mundo en https://www.esdiario.com/

•Para más contenido, síguenos en:
◆X: https://twitter.com/ESdiario_com
◆FaceBook: https://www.facebook.com/esdiario/
◆Instagram: https://www.instagram.com/esdiariocom/",Que las pongan todas en la Moncloa para señalizar bien a su Excremencia.,balizas v16,Castellano,Youtube,-1,balizas v16,,,,,
2C82355565C04AD6,2026-01-17,#ÚLTIMAHORA Nadie quiere las balizas V16: llevan 53.500 firmas a la DGT contra su uso obligatorio,"Conviértete en miembro de este canal para disfrutar de ventajas y ayudarnos a hacer un periodismo libre. Ahora es más necesario que nunca:
https://www.youtube.com/channel/UCZ1mEo0vfTofrcTjBDaqytw/join

#noticias #españa #política

Infórmate de las últimas noticias de política, economía y corazón de España y del mundo en https://www.esdiario.com/

•Para más contenido, síguenos en:
◆X: https://twitter.com/ESdiario_com
◆FaceBook: https://www.facebook.com/esdiario/
◆Instagram: https://www.instagram.com/esdiariocom/",Hay más firmas. Seguro,balizas v16,Castellano,Youtube,0,balizas v16,,,,,
