post_title,post_selftext,usuario,Fullname,contenido,fecha,enlace,TipoDeTweet,UsuarioOriginal,EnlaceOriginal,comments,retweets,quotes,hearts,plays,Likes,Followers,Following,Tweets,Bio,Ubicacion,JoinDate,Website,IsVerified,IsProtected,search_keyword,keyword_languages
,,aryaflintstark.bsky.social,Andrea Valeiras (aka Flint),"No soy fan de Rosalía y tengo opiniones sobre lo que está pasando con la imaginería cristiana. Pero, como adepta del del ""method dressing"", me está interesando ver los outfits que lleva la gente a sus conciertos. Y tengo sentimientos encontrados con lo del ""halo"" en el pelo.",2026-04-02T08:54:44.866Z,https://bsky.app/profile/aryaflintstark.bsky.social/post/3miith3j7xs2c,Post,N/A,N/A,0,0,0,2,0,2,322,294,1614,"Escribiente de cosas listadas en mi tuit fijado y de muchas más que aún duermen en mi ordenador y en mis (muchas) libretas. Premio Droide de Novelette con ""La maldita casa de los Ulloa"". Hope just wanna be punk. https://linktr.ee/andreavaleiras",N/A,2023-09-25T18:12:02.632Z,N/A,False,N/A,Rosalia fan,Ingles
,,es-entretenimiento.bsky.social,,"Sara Carbonero y su novio José Luis Cabrera disfrutan juntos del segundo concierto de Rosalía en Madrid

https://www.europesays.com/es/478398/

Al igual que sucedió el pasado lunes con el primer concierto de Rosalía en Madrid, varios famosos han…",2026-04-02T08:00:24+00:00,https://bsky.app/profile/es-entretenimiento.bsky.social/post/3miiqgqlgey23,Post,N/A,N/A,0,0,0,0,0,0,42,3,53477,,N/A,2025-08-25T04:15:42.398Z,N/A,False,N/A,Concierto Rosalia,Castellano
,,es-noticias.bsky.social,,"Sara Carbonero y su novio José Luis Cabrera disfrutan juntos del segundo concierto de Rosalía en Madrid

https://www.europesays.com/es/478398/

Al igual que sucedió el pasado lunes con el primer concierto de Rosalía en Madrid, varios famosos han…",2026-04-02T07:45:09+00:00,https://bsky.app/profile/es-noticias.bsky.social/post/3miipkpcdwv2e,Post,N/A,N/A,0,0,0,0,0,0,105,4,92969,,N/A,2025-08-27T06:51:58.297Z,N/A,False,N/A,Concierto Rosalia,Castellano
"Article sur mon expérience vécue lors du concert de Rosalía à Paris le 20 mars. On y retrouve quelques mots sur La Horde, un paragraphe sur la prestance de Salomé Topuria et des phrases élogieuses sur l’Heritage Orchestra. Dispo aussi en anglais.

bricereiter.com/report-conce...","Article sur mon expérience vécue lors du concert de Rosalía à Paris le 20 mars. On y retrouve quelques mots sur La Horde, un paragraphe sur la prestance de Salomé Topuria et des phrases élogieuses sur l’Heritage Orchestra. Dispo aussi en anglais.

bricereiter.com/report-conce...",jminguell.bsky.social,Jordi Minguell,On était à coté,2026-04-02T07:33:23.241Z,https://bsky.app/profile/jminguell.bsky.social/post/3miiovlzu2k2i,Comentario,bricereiter.bsky.social,N/A,1,0,0,0,0,0,63,222,309,Building things. Learning things. Overthinking things. Parisian since 2019. 🇪🇺,N/A,2025-02-27T05:22:57.245Z,N/A,False,N/A,concert Rosalia,"Catalan, Français, Portugues"
,,bricereiter.bsky.social,B. Reiter,"Article sur mon expérience vécue lors du concert de Rosalía à Paris le 20 mars. On y retrouve quelques mots sur La Horde, un paragraphe sur la prestance de Salomé Topuria et des phrases élogieuses sur l’Heritage Orchestra. Dispo aussi en anglais.

bricereiter.com/report-conce...",2026-04-02T07:14:37.795Z,https://bsky.app/profile/bricereiter.bsky.social/post/3miinu2pwps25,Post,N/A,N/A,1,0,0,1,0,1,741,4893,68,"J’écris beaucoup. J’aime le cinéma, la musique électronique et expérimentale, la poésie, la littérature alternative états-uniennes et je gère un label de musique électronique qui promeut la pratique collaborative et l’intelligence collective.",N/A,2023-10-16T17:14:41.402Z,N/A,False,N/A,concert Rosalia,"Catalan, Français, Portugues"
,,telecinco-es.bsky.social,Telecinco,"Así es Yudania Gómez, la desconocida joven directora que lidera la orquesta de Rosalía en su ‘Lux Tour’ ver.tw/virdw8",2026-04-02T07:00:01+00:00,https://bsky.app/profile/telecinco-es.bsky.social/post/3miimzxee3z2v,Post,N/A,N/A,0,0,0,0,0,0,223,2,5688,Entretenimiento y noticias. Aquí podrás estar al día de lo último sobre programas y series y recibirás las noticias más interesantes y curiosas.,N/A,2024-11-18T17:56:11.746Z,N/A,False,N/A,Rosalia Lux Tour,"Castellano, Catalan"
,,es-entretenimiento.bsky.social,,"Sara Carbonero y José Luis Cabrera asisten al concierto de Rosalía, en Madrid

https://www.europesays.com/es/478243/

Sara Carbonero y José Luis Cabrera asisten al concierto de Rosalía, en Madrid. La periodista y su novio…",2026-04-02T06:00:21+00:00,https://bsky.app/profile/es-entretenimiento.bsky.social/post/3miijpbwcbr2n,Post,N/A,N/A,0,0,0,0,0,0,42,3,53477,,N/A,2025-08-25T04:15:42.398Z,N/A,False,N/A,Concierto Rosalia,Castellano
,,es-noticias.bsky.social,,"Sara Carbonero y José Luis Cabrera asisten al concierto de Rosalía, en Madrid

https://www.europesays.com/es/478243/

Sara Carbonero y José Luis Cabrera asisten al concierto de Rosalía, en Madrid. La periodista y su novio…",2026-04-02T05:45:22+00:00,https://bsky.app/profile/es-noticias.bsky.social/post/3miiiuihwav2m,Post,N/A,N/A,0,0,0,0,0,0,105,4,92969,,N/A,2025-08-27T06:51:58.297Z,N/A,False,N/A,Concierto Rosalia,Castellano
,,es-entretenimiento.bsky.social,,"Simeone y Carla Pereyra no se pierden el segundo concierto de Rosalía en Madrid

https://www.europesays.com/es/478094/

Simeone y Carla Pereyra no se pierden el segundo concierto de Rosalía en Madrid.Total Simeone y Carla Pereyra:-…",2026-04-02T03:40:15+00:00,https://bsky.app/profile/es-entretenimiento.bsky.social/post/3miibus43qw2h,Post,N/A,N/A,0,0,0,0,0,0,42,3,53477,,N/A,2025-08-25T04:15:42.398Z,N/A,False,N/A,Concierto Rosalia,Castellano
,,es-noticias.bsky.social,,"Simeone y Carla Pereyra no se pierden el segundo concierto de Rosalía en Madrid

https://www.europesays.com/es/478094/

Simeone y Carla Pereyra no se pierden el segundo concierto de Rosalía en Madrid.Total Simeone y Carla Pereyra:-…",2026-04-02T03:30:35+00:00,https://bsky.app/profile/es-noticias.bsky.social/post/3miibdimpht2e,Post,N/A,N/A,0,0,0,0,0,0,105,4,92969,,N/A,2025-08-27T06:51:58.297Z,N/A,False,N/A,Concierto Rosalia,Castellano
,,cuatrotv.bsky.social,Cuatro,"Así es Yudania Gómez, la desconocida joven directora que lidera la orquesta de Rosalía en su ‘Lux Tour’ ver.tw/virdw4",2026-04-02T02:00:01+00:00,https://bsky.app/profile/cuatrotv.bsky.social/post/3mii4bjg2ui2j,Post,N/A,N/A,0,0,0,0,0,0,50,1,4770,Perfil oficial de Cuatro desde donde te contamos toda la actualidad de nuestros programas y series. ,N/A,2024-11-18T18:01:01.247Z,N/A,False,N/A,Rosalia Lux Tour,"Castellano, Catalan"
,,rubnortz.bsky.social,Rubén Ortiz,"Yo y mi contradicción, junto a mis amigas, nos hemos ido hoy de concierto y nos ha cantado Rosalía.",2026-04-01T21:19:29.252Z,https://bsky.app/profile/rubnortz.bsky.social/post/3mihmlufrms2b,Post,N/A,N/A,0,0,0,0,0,0,239,384,322,"Product manager, curioso del comportamiento humano, inclusión y diversidad 🏳️‍🌈 Fodechinchos pero riquiño | Diseño | Producto | Cine | Otros",N/A,2024-11-14T09:32:43.572Z,N/A,False,N/A,Concierto Rosalia,Castellano
,,rivotracks.bsky.social,tragada de 14 segundos da maria zilda bethlem,março,2026-04-01T21:08:38.761Z,https://bsky.app/profile/rivotracks.bsky.social/post/3mihlyi2ckk2p,Post,N/A,N/A,0,0,0,1,0,1,755,421,7419,vinheta jesus  https://www.last.fm/user/tate_shuffle,N/A,2023-06-03T14:54:01.511Z,N/A,False,N/A,fotos Rosalia Lux,Catalan
"Va a empezar el concierto de Rosalía. No notáis un patrón de color? El puto fascismo de lo neutro? Es flipante. 
Hala, os dejo que empieza esto","Va a empezar el concierto de Rosalía. No notáis un patrón de color? El puto fascismo de lo neutro? Es flipante. 
Hala, os dejo que empieza esto",icg73.bsky.social,Buscando mi camino,¡¡¡Que guay!!! disfruta un montón.,2026-04-01T20:29:08.195Z,https://bsky.app/profile/icg73.bsky.social/post/3mihjrtccqk2e,Comentario,menchubasquero.bsky.social,N/A,0,0,0,0,0,0,220,184,1002,"Vive y deja vivir, cuida y déjate cuidar. Haz cosas buenas a tu alrededor y deja que siga la cadena.",N/A,2025-01-21T08:38:19.244Z,N/A,False,N/A,Concierto Rosalia,Castellano
,,huffingtonpost.es,El HuffPost,Polémica por lo que han hecho un grupo de influencers españolas en el concierto de Rosalía en Madrid dozz.es/nfdvj9,2026-04-01T19:45:02+00:00,https://bsky.app/profile/huffingtonpost.es/post/3mihhcye73d2m,Post,N/A,N/A,0,0,0,0,0,0,8707,165,19420,,N/A,2024-11-14T08:25:38.483Z,N/A,False,N/A,Concierto Rosalia,Castellano
"Va a empezar el concierto de Rosalía. No notáis un patrón de color? El puto fascismo de lo neutro? Es flipante. 
Hala, os dejo que empieza esto","Va a empezar el concierto de Rosalía. No notáis un patrón de color? El puto fascismo de lo neutro? Es flipante. 
Hala, os dejo que empieza esto",crisozollorod.bsky.social,,Disfruta mucho 💜💚😻,2026-04-01T19:19:30.298Z,https://bsky.app/profile/crisozollorod.bsky.social/post/3mihfvcx45222,Comentario,menchubasquero.bsky.social,N/A,0,0,0,0,0,0,122,75,98,,N/A,2025-04-08T16:27:37.974Z,N/A,False,N/A,Concierto Rosalia,Castellano
,,kimue.bsky.social,KiMue KaMe,Que se hace después del concierto de la Rosalía?,2026-04-01T18:37:17.270Z,https://bsky.app/profile/kimue.bsky.social/post/3mihdjtb5zk2u,Post,N/A,N/A,0,0,0,4,0,4,403,371,2782,"Hijo de boticaria, disfrutón. Healer del grupo,  cocinitas, filosofo, cazador de espirales🌀 🦊Papá de Nami, Andalü 📍Barcelona.  IG: KimueCame  Cuanto más te acerques a la luz, mayor será tu sombra 🗝️ 🏳️‍🌈🎏🍣👾🎮🐶🎲🎬🍿🏔️🏖️🧩🥘🎶🌀",N/A,2023-11-22T22:58:56.458Z,N/A,False,N/A,Concierto Rosalia,Castellano
"Va a empezar el concierto de Rosalía. No notáis un patrón de color? El puto fascismo de lo neutro? Es flipante. 
Hala, os dejo que empieza esto","Va a empezar el concierto de Rosalía. No notáis un patrón de color? El puto fascismo de lo neutro? Es flipante. 
Hala, os dejo que empieza esto",menchubasquero.bsky.social,María de la Ohlala,Y yo con mi sudadera de flores. Menos mal que alguien sostiene la rebelión,2026-04-01T18:20:40.505Z,https://bsky.app/profile/menchubasquero.bsky.social/post/3mihcm4ocpc2e,Comentario,menchubasquero.bsky.social,N/A,1,1,0,16,0,16,8905,542,16312,Aquí también me caéis todos regulinchis tirando a mal,N/A,2023-09-07T09:42:38.105Z,N/A,False,N/A,Concierto Rosalia,Castellano
,,menchubasquero.bsky.social,María de la Ohlala,"Va a empezar el concierto de Rosalía. No notáis un patrón de color? El puto fascismo de lo neutro? Es flipante. 
Hala, os dejo que empieza esto",2026-04-01T18:19:25.807Z,https://bsky.app/profile/menchubasquero.bsky.social/post/3mihcjvgwbk2e,Post,N/A,N/A,3,2,0,20,0,20,8905,542,16312,Aquí también me caéis todos regulinchis tirando a mal,N/A,2023-09-07T09:42:38.105Z,N/A,False,N/A,Concierto Rosalia,Castellano
,,telecinco-es.bsky.social,Telecinco,"Eugenia, la fan que conquistó a Rosalía al grito ""el vicio eres tú"": ""Sentía que le estaba hablando a ella” ver.tw/17aju6",2026-04-01T18:00:01+00:00,https://bsky.app/profile/telecinco-es.bsky.social/post/3mihbh74sea2k,Post,N/A,N/A,0,0,0,0,0,0,223,2,5688,Entretenimiento y noticias. Aquí podrás estar al día de lo último sobre programas y series y recibirás las noticias más interesantes y curiosas.,N/A,2024-11-18T17:56:11.746Z,N/A,False,N/A,Rosalia fan,Ingles
,,huffingtonpost.es,El HuffPost,"Una maquilladora profesional no se corta con quienes critican que el 'Lux Tour' de Rosalía se ve ""de bajo presupuesto""  dozz.es/t1r4f4",2026-04-01T17:41:19+00:00,https://bsky.app/profile/huffingtonpost.es/post/3mihafrmy352z,Post,N/A,N/A,0,0,0,1,0,1,8707,165,19420,,N/A,2024-11-14T08:25:38.483Z,N/A,False,N/A,Rosalia Lux Tour,"Castellano, Catalan"
"Otra de las maravillas que trae la IA es poder crear en cuestión de minutos webs como desde la que alguien de mi entorno ha adquirido entradas falsas para el concierto de Rosalía. Las desmontas una vez tienes la pasta y chao, pescao.","Otra de las maravillas que trae la IA es poder crear en cuestión de minutos webs como desde la que alguien de mi entorno ha adquirido entradas falsas para el concierto de Rosalía. Las desmontas una vez tienes la pasta y chao, pescao.",ovalvos.bsky.social,O. Valvós 😇🧅,"Creo que a eso lo llaman ""ser emprendedor"" hoy en día.",2026-04-01T17:30:56.197Z,https://bsky.app/profile/ovalvos.bsky.social/post/3mih7t6mgh22q,Comentario,lapiur.bsky.social,N/A,1,0,0,1,0,1,754,769,10420,"🧅 Adorador de Santa Ceba. 🧅  Cuentista y teatrero, pero siempre medievalista.  Potser algun dia patafísic.  https://padlet.com/daniel_n_t/danielnavarrotorro",N/A,2023-07-03T08:11:20.730Z,N/A,False,N/A,Concierto Rosalia,Castellano
,,abc.es,ABC.es,Concierto de Rosalía en Madrid hoy: a qué hora abren las puertas del Movistar Arena y cuándo empieza,2026-04-01T16:35:49.635Z,https://bsky.app/profile/abc.es/post/3mih4qo3aqs26,Post,N/A,N/A,0,0,0,0,0,0,904,1,43345,"Somos ABC, tu periódico 📰 📸 http://instagram.com/abc_diario ⬛ http://Tiktok.com/@abc.es  ➡ LinkedIn http://ver.abc.es/gzpmg 🟦 Facebook https://facebook.com/ABCes",N/A,2024-11-21T08:50:17.570Z,N/A,False,N/A,Concierto Rosalia,Castellano
"No era yo muy de Rosalía, pero esto último me está sorprendiendo para bien. 
Y el concierto, ufff, por lo que estoy viendo eso ya es otro nivel. Disfrútalo!!!","No era yo muy de Rosalía, pero esto último me está sorprendiendo para bien. 
Y el concierto, ufff, por lo que estoy viendo eso ya es otro nivel. Disfrútalo!!!",menchubasquero.bsky.social,María de la Ohlala,"Un espectáculo no solo musical, también visual. Tengo muchas ganas. Gracias 😊",2026-04-01T15:20:40.699Z,https://bsky.app/profile/menchubasquero.bsky.social/post/3migykb6f5s22,Comentario,vateguin.eurosky.social,N/A,0,0,0,1,0,1,8905,542,16312,Aquí también me caéis todos regulinchis tirando a mal,N/A,2023-09-07T09:42:38.105Z,N/A,False,N/A,Concierto Rosalia,Castellano
,,vateguin.eurosky.social,,"No era yo muy de Rosalía, pero esto último me está sorprendiendo para bien. 
Y el concierto, ufff, por lo que estoy viendo eso ya es otro nivel. Disfrútalo!!!",2026-04-01T15:08:19.984Z,https://bsky.app/profile/vateguin.eurosky.social/post/3migxu6rko22o,Post,N/A,N/A,1,0,0,1,0,1,64,184,480,D'Asturies. D'izquierdes. Incrédulo por vocación.,N/A,2025-01-20T23:29:06.744Z,N/A,False,N/A,Concierto Rosalia,Castellano
,,kartoffelmensch.com,Joaquín Jesús Sánchez,Las críticas del concierto de Rosalía y las del Pregón de la Semana Santa de Sevilla guardan un inquietante parecido.,2026-04-01T15:01:34.414Z,https://bsky.app/profile/kartoffelmensch.com/post/3migxi3yk7k25,Post,N/A,N/A,0,0,0,0,0,0,735,128,1075,"crítico de arte, cronista malhumorado y articulista de variedades. Autor de 'El Glotón' ||| ArtForum - Flash Art - infoLibre - El Cultural - elDiario",N/A,2023-09-19T14:42:15.018Z,N/A,False,N/A,Concierto Rosalia,Castellano
"Otra de las maravillas que trae la IA es poder crear en cuestión de minutos webs como desde la que alguien de mi entorno ha adquirido entradas falsas para el concierto de Rosalía. Las desmontas una vez tienes la pasta y chao, pescao.","Otra de las maravillas que trae la IA es poder crear en cuestión de minutos webs como desde la que alguien de mi entorno ha adquirido entradas falsas para el concierto de Rosalía. Las desmontas una vez tienes la pasta y chao, pescao.",felipesextoc.bsky.social,,La verdad es que en este mundo maravilloso lo único que me separa de la riqueza son los escrúpulos.,2026-04-01T14:56:05.871Z,https://bsky.app/profile/felipesextoc.bsky.social/post/3migx6co7gs2a,Comentario,lapiur.bsky.social,N/A,1,0,0,1,0,1,192,198,2744,,N/A,2024-11-19T12:58:17.704Z,N/A,False,N/A,Concierto Rosalia,Castellano
"Otra de las maravillas que trae la IA es poder crear en cuestión de minutos webs como desde la que alguien de mi entorno ha adquirido entradas falsas para el concierto de Rosalía. Las desmontas una vez tienes la pasta y chao, pescao.","Otra de las maravillas que trae la IA es poder crear en cuestión de minutos webs como desde la que alguien de mi entorno ha adquirido entradas falsas para el concierto de Rosalía. Las desmontas una vez tienes la pasta y chao, pescao.",alramogar.bsky.social,Alramogar,"Toda esa historia de ventas raras y reventas se acababa si fueran nominativas y solo en páginas seguras y reconocidas. Luego, si no vas, por lo que sea, que puedas devolverlas con una pequeña penalización. Pero la mafia es tan amplia que ni les interesa.",2026-04-01T14:01:50.257Z,https://bsky.app/profile/alramogar.bsky.social/post/3migu5busts24,Comentario,lapiur.bsky.social,N/A,0,0,0,4,0,4,686,223,12970,"De Jaén e infoxicado. Era mi trabajo y no me quejé. Ahora, jubilado, a luchar contra los bulos e ilustrar con datos. Me puede el corrector ortográfico. Huí del X-tercolero.",N/A,2023-10-23T15:56:18.875Z,N/A,False,N/A,Concierto Rosalia,Castellano
"Des que és una estrella mundial, l'interès per Rosalía per part de les revistes del cor no ha deixat de créixer. Si fa uns dies se la va poder veure força molesta pe...  ","Des que és una estrella mundial, l'interès per Rosalía per part de les revistes del cor no ha deixat de créixer. Si fa uns dies se la va poder veure força molesta pe...  ",agm66.bsky.social,Allioli Galtes i Muscat,Aviam si Rosalia s'està convertint en una mena de fons voltor casolà ho podeu dir directament siusplau?,2026-04-01T13:55:39.770Z,https://bsky.app/profile/agm66.bsky.social/post/3migtsakf6k25,Comentario,ara.cat,N/A,0,0,0,0,0,0,246,428,3728,"on fera avec les moyens du bord hi ha ideies genials i hi ha ideies que arriben a temps put your money where your mouth is si podes pas ser una barana, siguis pas una barrera. Aporta o aparta. cooperar hasta vivir Països Catalans",N/A,2023-12-01T10:25:03.433Z,N/A,False,N/A,fã Rosalia,Portugues
,,ara.cat,Diari ARA,"Des que és una estrella mundial, l'interès per Rosalía per part de les revistes del cor no ha deixat de créixer. Si fa uns dies se la va poder veure força molesta pe...  ",2026-04-01T13:48:27.086109Z,https://bsky.app/profile/ara.cat/post/3migtfe5dpu27,Post,N/A,N/A,1,0,1,1,0,1,8394,38,12290,El diari líder en català amb l'última hora i totes les notícies.  Subscriu-te al periodisme lliure i compromès 👉🏽 http://d.ara.cat/arasubs  Segueix els nostres periodistes i col·laboradors amb l'Starter pack de l'ARA: https://go.bsky.app/rcZHca,N/A,2024-10-20T16:26:48.908Z,N/A,False,N/A,fã Rosalia,Portugues
,,alvaroonieva.bsky.social,Álvaro Onieva,No fui al concierto de Rosalía pero está noche toca Misa 🛐,2026-04-01T13:39:25.294Z,https://bsky.app/profile/alvaroonieva.bsky.social/post/3migsv77pic2k,Post,N/A,N/A,0,0,0,1,0,1,2101,736,5223,"📝Periodista. Aquí para hablar de series y dramas cotidianos. ✨Paulina, Britney y Cher son mi Santísima Trinidad 🌱De Granada, en Madrid",N/A,2023-09-20T14:23:49.496Z,N/A,False,N/A,Concierto Rosalia,Castellano
,,es-entretenimiento.bsky.social,,"Nuevo famoso en el confesionario, cambios en el setlist… Qué se espera del segundo concierto de Rosalía en – EuropaFM

https://www.europesays.com/es/477088/

Nuevo famoso en el confesionario, cambios en el setlist… Qué se espera del segundo concierto de Rosalía en  EuropaFM…",2026-04-01T13:20:04+00:00,https://bsky.app/profile/es-entretenimiento.bsky.social/post/3migrsqb3re2m,Post,N/A,N/A,0,0,0,0,0,0,42,3,53477,,N/A,2025-08-25T04:15:42.398Z,N/A,False,N/A,Concierto Rosalia,Castellano
"Otra de las maravillas que trae la IA es poder crear en cuestión de minutos webs como desde la que alguien de mi entorno ha adquirido entradas falsas para el concierto de Rosalía. Las desmontas una vez tienes la pasta y chao, pescao.","Otra de las maravillas que trae la IA es poder crear en cuestión de minutos webs como desde la que alguien de mi entorno ha adquirido entradas falsas para el concierto de Rosalía. Las desmontas una vez tienes la pasta y chao, pescao.",doripereira.bsky.social,Dori,Poco nos pasa....,2026-04-01T13:06:37.336Z,https://bsky.app/profile/doripereira.bsky.social/post/3migr2kgfis2t,Comentario,lapiur.bsky.social,N/A,0,0,0,2,0,2,1110,1611,1145,#noalmaltratoanimal#nocompresadopta#adoptaysalvaunavida.,N/A,2024-11-15T20:41:15.729Z,N/A,False,N/A,Concierto Rosalia,Castellano
,,huffingtonpost.es,El HuffPost,Polémica por lo que han hecho un grupo de influencers españolas en el concierto de Rosalía en Madrid dozz.es/nfdvj6,2026-04-01T12:45:01+00:00,https://bsky.app/profile/huffingtonpost.es/post/3migptx5sxo2o,Post,N/A,N/A,0,0,0,0,0,0,8707,165,19420,,N/A,2024-11-14T08:25:38.483Z,N/A,False,N/A,Concierto Rosalia,Castellano
"Otra de las maravillas que trae la IA es poder crear en cuestión de minutos webs como desde la que alguien de mi entorno ha adquirido entradas falsas para el concierto de Rosalía. Las desmontas una vez tienes la pasta y chao, pescao.","Otra de las maravillas que trae la IA es poder crear en cuestión de minutos webs como desde la que alguien de mi entorno ha adquirido entradas falsas para el concierto de Rosalía. Las desmontas una vez tienes la pasta y chao, pescao.",madridvk.eurosky.social,Fernando del Amo #7291,😲🤬,2026-04-01T12:31:36.578Z,https://bsky.app/profile/madridvk.eurosky.social/post/3migp3wydzc22,Comentario,lapiur.bsky.social,N/A,0,0,0,3,0,3,2742,2127,25852,"Apasionado de la naturaleza,la música,la aviación,el cine,las teleco,la ciencia,la libertad,el buen comer,los viajes,el chocolate,el sexo,la fotografía. Miembro de Círculo Escéptico. Nacido el 19 Agosto de 1973. Repost y Like no significan acuerdo.",N/A,2023-08-31T18:00:02.833Z,N/A,False,N/A,Concierto Rosalia,Castellano
"Otra de las maravillas que trae la IA es poder crear en cuestión de minutos webs como desde la que alguien de mi entorno ha adquirido entradas falsas para el concierto de Rosalía. Las desmontas una vez tienes la pasta y chao, pescao.","Otra de las maravillas que trae la IA es poder crear en cuestión de minutos webs como desde la que alguien de mi entorno ha adquirido entradas falsas para el concierto de Rosalía. Las desmontas una vez tienes la pasta y chao, pescao.",pru.gal,pru 🔻,"Me has hecho volver a mirar las que (diosito, por favor, que no me estafen) compré yo en viagogo  para Lisboa🤞🏻🤞🏻🤞🏻
Y sino, me doy un paseíto en coche de 1200 km entre ida y vuelta 😅",2026-04-01T12:31:31.927Z,https://bsky.app/profile/pru.gal/post/3migp3skfzk23,Comentario,lapiur.bsky.social,N/A,2,0,0,2,0,2,385,490,2313,No sabiendo qué coño pasa desde 1975 De letras puras trabajando rodeada de números,N/A,2023-07-30T05:43:06.294Z,N/A,False,N/A,Concierto Rosalia,Castellano
"Otra de las maravillas que trae la IA es poder crear en cuestión de minutos webs como desde la que alguien de mi entorno ha adquirido entradas falsas para el concierto de Rosalía. Las desmontas una vez tienes la pasta y chao, pescao.","Otra de las maravillas que trae la IA es poder crear en cuestión de minutos webs como desde la que alguien de mi entorno ha adquirido entradas falsas para el concierto de Rosalía. Las desmontas una vez tienes la pasta y chao, pescao.",sumarfig.eurosky.social,Susana,Estafas “everywhere”.,2026-04-01T12:24:08.432Z,https://bsky.app/profile/sumarfig.eurosky.social/post/3migoollzgs2e,Comentario,lapiur.bsky.social,N/A,0,0,0,2,0,2,183,259,1320,De Nigrán y media vida en Barcelona,N/A,2023-11-20T14:41:37.836Z,N/A,False,N/A,Concierto Rosalia,Castellano
,,lapiur.bsky.social,Piur 🍉,"Otra de las maravillas que trae la IA es poder crear en cuestión de minutos webs como desde la que alguien de mi entorno ha adquirido entradas falsas para el concierto de Rosalía. Las desmontas una vez tienes la pasta y chao, pescao.",2026-04-01T12:15:03.000Z,https://bsky.app/profile/lapiur.bsky.social/post/3migo6dgqys2i,Post,N/A,N/A,7,34,0,68,0,68,16514,605,51543,"Periodista, ortografista, obsesa textual y coña marinera. Woke in progress. www.puriruiz.es FREE PALESTINE",N/A,2023-08-14T18:57:07.408Z,N/A,False,N/A,Concierto Rosalia,Castellano
"Contra lo que suelo hacer estoy escuchando el disco de Rosalía el día del concierto. Dice ""toito te lo perdono"".
Yo creo que es importante no perdonar según q cosas y sobre todo no perdonar a quien ni se disculpa. Otra cosa es q no perdonar a alguien sea sinónimo de engancharte ahí. Y no lo es.","Contra lo que suelo hacer estoy escuchando el disco de Rosalía el día del concierto. Dice ""toito te lo perdono"".
Yo creo que es importante no perdonar según q cosas y sobre todo no perdonar a quien ni se disculpa. Otra cosa es q no perdonar a alguien sea sinónimo de engancharte ahí. Y no lo es.",beatrizefe.bsky.social,Beatrizzz,Le perdono yo a Ansar meternos en la guerra de Irak? Ni por asomo. Pienso en algún momento de mi vida en ese fulano?? Pues casi nada. Pero siempre pienso de la forma correcta. Considerándolo un ser despreciable. No es justo para quienes no son despreciables pensar con indiferencia sobre según qué.,2026-04-01T10:44:42.002Z,https://bsky.app/profile/beatrizefe.bsky.social/post/3migj4rl6jk2e,Comentario,beatrizefe.bsky.social,N/A,0,2,0,5,0,5,2762,704,15527,Effortless fofisana.  Curiosa. Libertaria y bastión de las tormentas según un troll. Periodista+ documentalista=ux. Aprendiendo con amigas en @porqueshonda.bsky.social  Aquí lo que no me cabe en los hilos de cielos azules... https://write.as/beatrizefe/,N/A,2023-08-22T16:31:52.806Z,N/A,False,N/A,Concierto Rosalia,Castellano
,,beatrizefe.bsky.social,Beatrizzz,"Contra lo que suelo hacer estoy escuchando el disco de Rosalía el día del concierto. Dice ""toito te lo perdono"".
Yo creo que es importante no perdonar según q cosas y sobre todo no perdonar a quien ni se disculpa. Otra cosa es q no perdonar a alguien sea sinónimo de engancharte ahí. Y no lo es.",2026-04-01T10:44:42.001Z,https://bsky.app/profile/beatrizefe.bsky.social/post/3migj4rkyo22e,Post,N/A,N/A,1,0,0,4,0,4,2762,704,15527,Effortless fofisana.  Curiosa. Libertaria y bastión de las tormentas según un troll. Periodista+ documentalista=ux. Aprendiendo con amigas en @porqueshonda.bsky.social  Aquí lo que no me cabe en los hilos de cielos azules... https://write.as/beatrizefe/,N/A,2023-08-22T16:31:52.806Z,N/A,False,N/A,Concierto Rosalia,Castellano
"fui el lunes al concierto de rosalía y nos encontramos entrando a la jefe y y saliendo a pedro almodóvar, el rango","fui el lunes al concierto de rosalía y nos encontramos entrando a la jefe y y saliendo a pedro almodóvar, el rango",bluenevermind.bsky.social,lucía ❄️,jedet* lo siento el corrector y me da mucha pereza escribirlo otra vez,2026-04-01T09:49:13.608Z,https://bsky.app/profile/bluenevermind.bsky.social/post/3migfzleius22,Comentario,bluenevermind.bsky.social,N/A,0,0,0,0,0,0,123,105,2012,’98 line she/her,N/A,2024-11-14T23:00:20.744Z,N/A,False,N/A,Concierto Rosalia,Castellano
,,bluenevermind.bsky.social,lucía ❄️,"fui el lunes al concierto de rosalía y nos encontramos entrando a la jefe y y saliendo a pedro almodóvar, el rango",2026-04-01T09:48:48.345Z,https://bsky.app/profile/bluenevermind.bsky.social/post/3migfytbkxc22,Post,N/A,N/A,1,0,0,0,0,0,123,105,2012,’98 line she/her,N/A,2024-11-14T23:00:20.744Z,N/A,False,N/A,Concierto Rosalia,Castellano
,,huffingtonpost.es,El HuffPost,Polémica por lo que han hecho un grupo de influencers españolas en el concierto de Rosalía en Madrid dozz.es/nfdvjc,2026-04-01T07:00:43+00:00,https://bsky.app/profile/huffingtonpost.es/post/3mig4mbejes2z,Post,N/A,N/A,0,0,0,0,0,0,8707,165,19420,,N/A,2024-11-14T08:25:38.483Z,N/A,False,N/A,Concierto Rosalia,Castellano
,,huffingtonpost.es,El HuffPost,Polémica por lo que han hecho un grupo de influencers españolas en el concierto de Rosalía en Madrid dozz.es/nfdvj3,2026-04-01T06:45:52+00:00,https://bsky.app/profile/huffingtonpost.es/post/3mig3rppjiq2z,Post,N/A,N/A,0,0,0,0,0,0,8707,165,19420,,N/A,2024-11-14T08:25:38.483Z,N/A,False,N/A,Concierto Rosalia,Castellano
,,albammmedina.bsky.social,Alba Medina,"En Semana,

🔸 Rosalía llega a España con su Lux Tour 
🔸 La emoción de Terelu al vivir un año más la Semana Santa malagueña 
🔸 Gloria Camila y su novio afrontan juntos las explosivas declaraciones de Manuel Cortés",2026-04-01T06:32:31.286Z,https://bsky.app/profile/albammmedina.bsky.social/post/3mig2ztsbqs24,Post,N/A,N/A,0,0,0,0,0,0,1571,161,722,"Crónica social, chisme y demás • “La Sala Cotilla” en Spotify, Apple Podcasts y Youtube  •  22",N/A,2024-11-14T07:56:48.283Z,N/A,False,N/A,Rosalia Lux Tour,"Castellano, Catalan"
,,elpaisamerica.bsky.social,EL PAÍS América,"📹 Las referencias artísticas en los conciertos del ‘Lux Tour’ de Rosalía

🎶🖼️ De Goya a ‘The dreamers’: análisis de la escenografía y la indumentaria de la artista catalana en su gira mundial dozz.es/v85l_ag",2026-04-01T06:00:00+00:00,https://bsky.app/profile/elpaisamerica.bsky.social/post/3mifz7rvln22m,Post,N/A,N/A,0,0,0,0,0,0,4346,81,17973,Contamos un continente al mundo y el mundo a un continente. Cuenta oficial de #ELPAÍSAmérica Telegram: http://t.me/elpaisamerica,N/A,2024-11-15T19:49:02.129Z,N/A,False,N/A,Rosalia Lux Tour,"Castellano, Catalan"
,,cuatrotv.bsky.social,Cuatro,Un concierto de Rosalía vivido en directo: los momentazos de un éxtasis de 'Lux' en Madrid ver.tw/j1f315,2026-04-01T05:30:02+00:00,https://bsky.app/profile/cuatrotv.bsky.social/post/3mifxk4i6kq2z,Post,N/A,N/A,0,0,0,0,0,0,50,1,4770,Perfil oficial de Cuatro desde donde te contamos toda la actualidad de nuestros programas y series. ,N/A,2024-11-18T18:01:01.247Z,N/A,False,N/A,Concierto Rosalia,Castellano
,,quiminauta.bsky.social,Ángel Meléndez Ronda,"Las referencias artísticas en los conciertos del ‘Lux Tour’ de Rosalía
elpais.com/videos/2026-...",2026-04-01T00:01:58.825Z,https://bsky.app/profile/quiminauta.bsky.social/post/3miff7iuc3c2k,Post,N/A,N/A,0,0,0,0,0,0,714,985,3873,"Licenciado en Ciencias Químicas por la UAM. Me interesa la Política y soy afiliado al PSOE. También sigo noticias de Química, Farmacia  y la España Vaciada. Asimismo sigo el mundo de la Cultura, el Cine y el Teatro en particular. Entre Segovia y Madrid.",N/A,2024-11-15T10:34:46.935Z,N/A,False,N/A,Rosalia Lux Tour,"Castellano, Catalan"
